customer_id,name,age,income,account_balance
C1,James Martin,19.0,73015.0,98872
C2,Chris Martinez,20.0,124943.0,611488
C3,Anna Martinez,39.0,94941.0,915721
C4,Michael White,43.0,94826.0,68033
C5,Paul Thomas,48.0,143099.0,994312
C6,Brian Smith,65.0,160095.0,899604
C7,Daniel Davis,45.0,53744.0,877129
C8,Emily Moore,59.0,155687.0,717799
C9,Emily Harris,63.0,105790.0,621749
C10,Mark Johnson,63.0,113639.0,176899
C11,Robert Thompson,65.0,67298.0,845834
C12,Chris Harris,58.0,50911.0,52448
C13,Olivia Moore,62.0,111667.0,866634
C14,Laura Martin,34.0,151560.0,891588
C15,John Martin,43.0,71615.0,63457
C16,Mark Clark,19.0,109687.0,208865
C17,Paul Thomas,56.0,36418.0,507814
C18,Brian Williams,58.0,104012.0,688501
C19,Chris White,47.0,198538.0,735026
C20,Daniel Wilson,38.0,190300.0,670197
C21,John Brown,32.0,166814.0,20557
C22,Chris Harris,31.0,64616.0,919569
C23,Robert Martin,57.0,135191.0,75523
C24,Paul Lewis,38.0,139404.0,829610
C25,Brian Wilson,53.0,137203.0,600495
C26,Linda Brown,27.0,158013.0,772392
C27,James Thompson,36.0,147859.0,304718
C28,Anna Brown,57.0,112927.0,684113
C29,Robert Martinez,37.0,187834.0,30533
C30,Chris Anderson,31.0,183002.0,917749
C31,Chris Lewis,70.0,82754.0,941191
C32,Sophia Taylor,52.0,101493.0,488478
C33,James Jackson,18.0,37678.0,475983
C34,Emily Thomas,62.0,-10000.0,749020
C35,James Brown,31.0,151728.0,680774
C36,David Brown,51.0,37727.0,965755
C37,Emily Miller,24.0,138185.0,580726
C38,David Harris,27.0,100505.0,808661
C39,Sophia Wilson,40.0,89934.0,102132
C40,John Johnson,53.0,88366.0,485582
C41,Laura Davis,22.0,199780.0,122780
C42,Laura Smith,30.0,194215.0,610797
C43,Robert Taylor,37.0,120937.0,888750
C44,Brian Davis,51.0,35190.0,136420
C45,Emily Miller,62.0,76565.0,887200
C46,Sophia Martinez,40.0,61928.0,340098
C47,Daniel Thompson,33.0,114366.0,9124
C48,George Wilson,44.0,31982.0,271910
C49,Emily Smith,28.0,150645.0,534290
C50,David Taylor,53.0,86586.0,839750
C51,Brian Williams,25.0,192068.0,780472
C52,David Anderson,20.0,76628.0,457846
C53,Michael White,19.0,179923.0,984494
C54,George Miller,18.0,44391.0,15755
C55,Paul Williams,66.0,55826.0,748903
C56,Laura White,19.0,135025.0,717639
C57,Robert Thompson,64.0,56745.0,962462
C58,Paul Lewis,41.0,136511.0,866642
C59,Mark Williams,61.0,117823.0,841318
C60,James Brown,46.0,165345.0,923532
C61,Kevin Thomas,47.0,48509.0,860478
C62,George Thompson,22.0,98105.0,230839
C63,Anna Brown,150.0,105265.0,845912
C64,Mark Jackson,53.0,60072.0,355744
C65,George Moore,63.0,98483.0,761815
C66,David Clark,63.0,116778.0,987823
C67,Anna Taylor,65.0,177259.0,888246
C68,Chris Miller,20.0,72362.0,18617
C69,Paul Wilson,23.0,91184.0,800797
C70,Emily Brown,31.0,151692.0,321521
C71,Sophia Anderson,34.0,146267.0,993711
C72,Kevin Brown,37.0,93399.0,434028
C73,Robert Smith,20.0,47138.0,507367
C74,Emily Davis,67.0,93896.0,619023
C75,Michael Thompson,51.0,121697.0,784186
C76,Paul Harris,31.0,,359645
C77,Emily Miller,50.0,183320.0,83878
C78,John Johnson,32.0,196744.0,993273
C79,Laura Harris,38.0,185799.0,465491
C80,Paul Wilson,,90121.0,376625
C81,John Thompson,68.0,75923.0,725494
C82,Sophia Martin,18.0,141956.0,48754
C83,James Davis,40.0,170884.0,994007
C84,George Davis,26.0,191249.0,71663
C85,Sophia Garcia,60.0,132332.0,102649
C86,Laura Smith,22.0,30067.0,718715
C87,Chris Lewis,24.0,116224.0,250204
C88,Robert Williams,63.0,116108.0,317080
C89,David Brown,29.0,171243.0,869031
C90,George Clark,57.0,134402.0,763240
C91,Olivia Miller,39.0,171529.0,816179
C92,Linda Taylor,53.0,81539.0,137384
C93,Mark Thompson,38.0,156773.0,638023
C94,Anna Harris,69.0,166050.0,101530
C95,Brian Lewis,43.0,0.0,722400
C96,Chris Clark,67.0,144866.0,842729
C97,Linda Moore,41.0,87144.0,15994
C98,David Jackson,41.0,168069.0,885985
C99,Olivia Clark,63.0,67629.0,63720
C100,Olivia Anderson,26.0,58883.0,882794
C101,Paul Taylor,67.0,99802.0,91054
C102,Brian Wilson,34.0,196993.0,724306
C103,Chris Martinez,46.0,170691.0,991217
C104,David Johnson,55.0,49137.0,465088
C105,Sophia Lewis,35.0,155365.0,214029
C106,James Clark,68.0,66014.0,875476
C107,Nancy Davis,35.0,120728.0,945346
C108,Kevin Thompson,59.0,114827.0,554713
C109,Anna Taylor,25.0,132583.0,906307
C110,Kevin Garcia,42.0,165945.0,953986
C111,James Johnson,60.0,50111.0,359343
C112,Nancy Smith,34.0,184973.0,286657
C113,Robert Davis,43.0,156869.0,112737
C114,Daniel Martin,25.0,175140.0,867926
C115,Mark Harris,21.0,45828.0,250168
C116,John Moore,42.0,149316.0,912475
C117,Sophia Miller,38.0,59751.0,273230
C118,Kevin Johnson,26.0,32646.0,818136
C119,David Jackson,25.0,175579.0,711574
C120,Nancy Garcia,23.0,95579.0,584854
C121,Linda Harris,51.0,118341.0,785668
C122,George Brown,37.0,,174163
C123,Anna Martinez,35.0,59444.0,774293
C124,Emily Jackson,56.0,36856.0,742116
C125,Anna Wilson,64.0,173458.0,421260
C126,Kevin Wilson,23.0,120596.0,852151
C127,Kevin Williams,23.0,71056.0,677558
C128,Kevin Anderson,51.0,56994.0,628561
C129,Chris Martinez,55.0,34674.0,737339
C130,Brian Miller,33.0,84808.0,848086
C131,Laura Garcia,65.0,185469.0,828917
C132,Brian Davis,52.0,32410.0,179652
C133,Nancy Lewis,65.0,143405.0,671700
C134,Robert White,39.0,66351.0,127873
C135,Olivia Thompson,59.0,189478.0,64088
C136,James Miller,47.0,117597.0,756007
C137,Olivia Moore,24.0,35597.0,254106
C138,Chris Davis,69.0,155715.0,997748
C139,John Clark,48.0,112003.0,30157
C140,Emily Davis,51.0,136369.0,876937
C141,Mark Anderson,21.0,54239.0,398466
C142,Sophia Taylor,29.0,118765.0,664657
C143,George Martin,48.0,165949.0,456525
C144,Sarah Jackson,69.0,-10000.0,53893
C145,Mark Martin,66.0,129744.0,703529
C146,Nancy Clark,70.0,115246.0,259039
C147,Sophia Martinez,63.0,184283.0,15427
C148,Paul Moore,45.0,149946.0,625834
C149,John Lewis,33.0,121869.0,892855
C150,David Anderson,24.0,46304.0,233712
C151,Paul Brown,53.0,58995.0,141706
C152,Paul Jackson,150.0,60050.0,374981
C153,Nancy Jackson,19.0,142318.0,170292
C154,Chris Thompson,47.0,191905.0,732272
C155,Chris Miller,52.0,174420.0,869135
C156,Michael Harris,31.0,81255.0,505154
C157,Chris Harris,25.0,67457.0,164499
C158,Sophia Smith,24.0,101216.0,505509
C159,Brian Clark,57.0,73619.0,658884
C160,George Martin,40.0,161306.0,195700
C161,Laura Smith,64.0,43088.0,890284
C162,Emily Martin,29.0,152411.0,911080
C163,Mark Brown,48.0,160823.0,309702
C164,Chris Thompson,57.0,30120.0,994064
C165,Kevin Taylor,33.0,65753.0,531241
C166,Brian Smith,41.0,155417.0,884386
C167,Robert Williams,32.0,50644.0,453466
C168,George Smith,23.0,166352.0,447470
C169,George Brown,63.0,91864.0,421576
C170,,23.0,198739.0,490497
C171,Kevin Garcia,50.0,91325.0,671274
C172,Brian Moore,47.0,129456.0,134208
C173,Nancy Johnson,36.0,57644.0,743520
C174,Paul Martinez,33.0,74861.0,633975
C175,Kevin Johnson,41.0,111645.0,788209
C176,Sophia Anderson,42.0,192379.0,430411
C177,James Williams,37.0,130514.0,661804
C178,George Thomas,27.0,51319.0,655803
C179,Mark Thompson,48.0,122380.0,485376
C180,Laura Garcia,69.0,183927.0,385927
C181,Mark Thomas,38.0,161317.0,285951
C182,Sarah Miller,38.0,189778.0,147953
C183,George Wilson,70.0,160171.0,846922
C184,Robert Lewis,66.0,183137.0,565100
C185,Mark Moore,41.0,107353.0,139430
C186,Chris Smith,26.0,78117.0,610234
C187,Anna Davis,31.0,109699.0,687231
C188,James Lewis,28.0,157769.0,193332
C189,David Lewis,43.0,151977.0,234355
C190,Sarah Smith,41.0,71433.0,678742
C191,Laura Anderson,34.0,137010.0,384230
C192,Brian Taylor,28.0,147183.0,468073
C193,Daniel Johnson,70.0,121384.0,146187
C194,Laura Anderson,64.0,80583.0,620586
C195,John Lewis,41.0,164289.0,941985
C196,George Anderson,69.0,156108.0,558004
C197,James Jackson,34.0,71219.0,707257
C198,Michael Miller,63.0,30784.0,182541
C199,Linda Miller,56.0,59835.0,925637
C200,James Garcia,49.0,147411.0,675826
C201,Laura Moore,38.0,90654.0,182195
C202,Linda Davis,20.0,152068.0,49175
C203,Sophia Williams,31.0,162895.0,27854
C204,Robert Jackson,58.0,113450.0,467964
C205,Chris Clark,60.0,50658.0,868512
C206,Kevin Taylor,58.0,186917.0,579954
C207,John Wilson,59.0,149904.0,403994
C208,Brian Clark,28.0,190357.0,907781
C209,Brian Moore,20.0,130604.0,362791
C210,Michael Lewis,43.0,50446.0,644022
C211,George Williams,18.0,183173.0,832196
C212,Michael Martin,38.0,157652.0,813435
C213,Sophia White,50.0,153267.0,469103
C214,Sarah Garcia,25.0,121591.0,982583
C215,Nancy Anderson,43.0,100386.0,289191
C216,George Harris,27.0,153356.0,536198
C217,Robert Anderson,70.0,114068.0,878214
C218,Kevin White,29.0,84154.0,190964
C219,George Lewis,36.0,96959.0,510165
C220,John Lewis,65.0,74681.0,599731
C221,Brian Harris,55.0,122515.0,37377
C222,Chris Miller,28.0,31220.0,973958
C223,Olivia Moore,63.0,71842.0,468361
C224,Sophia Garcia,41.0,86673.0,551156
C225,Nancy Smith,19.0,88932.0,255803
C226,Paul Martinez,40.0,156021.0,645277
C227,Olivia Brown,20.0,187687.0,582688
C228,Linda Wilson,53.0,107569.0,302810
C229,Robert Jackson,37.0,137997.0,674011
C230,Paul Miller,26.0,182351.0,754163
C231,John Thompson,22.0,45040.0,936605
C232,Anna Williams,27.0,122877.0,544065
C233,Kevin Miller,39.0,0.0,168640
C234,Brian Wilson,52.0,46168.0,942259
C235,Anna Garcia,39.0,70650.0,602426
C236,David Anderson,32.0,176334.0,14084
C237,Nancy Martin,47.0,175267.0,709833
C238,Nancy Garcia,55.0,173651.0,898088
C239,Kevin Taylor,56.0,107966.0,539310
C240,Sophia Anderson,43.0,100489.0,415674
C241,James Thompson,44.0,61759.0,411527
C242,Paul Davis,57.0,183932.0,561048
C243,Robert Williams,26.0,186308.0,144241
C244,Michael Moore,34.0,130242.0,887154
C245,Paul Garcia,47.0,30052.0,158706
C246,Laura Anderson,59.0,104402.0,157287
C247,Chris Taylor,35.0,121383.0,6162
C248,Daniel Thomas,65.0,112989.0,338987
C249,Sarah Garcia,58.0,105085.0,813108
C250,David Martinez,39.0,147022.0,215584
C251,James Johnson,58.0,171957.0,660239
C252,Nancy Johnson,20.0,169883.0,754527
C253,Chris Martin,20.0,183405.0,914561
C254,Emily Anderson,24.0,52143.0,962173
C255,Nancy Brown,70.0,70240.0,428115
C256,Sophia Martinez,25.0,32998.0,105546
C257,Laura Taylor,44.0,144979.0,255647
C258,Chris Moore,37.0,176616.0,801747
C259,Sarah Anderson,31.0,0.0,735792
C260,Mark Moore,41.0,89991.0,628600
C261,David Lewis,69.0,162940.0,218815
C262,Nancy Davis,66.0,86016.0,86780
C263,Daniel Clark,45.0,177691.0,9774
C264,Sarah Johnson,19.0,182864.0,227364
C265,David Moore,33.0,102736.0,142918
C266,Laura Martin,23.0,170812.0,561182
C267,Mark Smith,66.0,173126.0,650861
C268,Robert Moore,53.0,117296.0,650365
C269,James Miller,39.0,182478.0,301329
C270,Chris Thomas,48.0,138830.0,575976
C271,George Johnson,41.0,95061.0,87446
C272,Michael Martinez,62.0,150145.0,708072
C273,Chris Clark,70.0,46772.0,49206
C274,Mark Johnson,39.0,173031.0,432251
C275,Chris Wilson,28.0,168439.0,732888
C276,Emily Anderson,39.0,114639.0,725813
C277,Mark Thomas,38.0,107452.0,639307
C278,John Thompson,,102316.0,73089
C279,Robert Johnson,54.0,51771.0,655840
C280,James Clark,29.0,178501.0,47991
C281,Brian Williams,27.0,65209.0,564744
C282,Daniel Thomas,67.0,134778.0,195280
C283,Michael Moore,26.0,44740.0,173007
C284,Paul Lewis,55.0,178859.0,350361
C285,Nancy Thompson,59.0,109444.0,993485
C286,Chris Thompson,150.0,72063.0,698444
C287,Kevin Anderson,43.0,32292.0,437129
C288,Mark Davis,57.0,190024.0,182231
C289,John Garcia,36.0,82231.0,212271
C290,Olivia Taylor,150.0,185886.0,950494
C291,George Brown,20.0,164954.0,692578
C292,Olivia Wilson,42.0,153813.0,928533
C293,David Taylor,36.0,184736.0,674996
C294,Sarah Thomas,65.0,153907.0,402485
C295,Sophia Martinez,56.0,171390.0,123521
C296,Emily Lewis,22.0,192992.0,898348
C297,Chris Clark,66.0,185444.0,848861
C298,Sophia Smith,27.0,51859.0,716557
C299,Olivia Martinez,45.0,95381.0,608187
C300,Chris Johnson,32.0,40024.0,80169
C301,Daniel Davis,19.0,34911.0,839813
C302,Sarah Thompson,38.0,147016.0,716414
C303,Chris White,39.0,32570.0,932405
C304,Emily Thomas,18.0,195934.0,102049
C305,Robert Clark,58.0,91647.0,111539
C306,Nancy Johnson,68.0,91195.0,160961
C307,Nancy Martin,20.0,184248.0,43027
C308,Sophia Wilson,18.0,64312.0,202702
C309,Robert Lewis,24.0,75572.0,534818
C310,David Moore,66.0,143816.0,263328
C311,Michael Williams,49.0,191756.0,292081
C312,Linda Davis,61.0,45141.0,477035
C313,Chris Moore,44.0,118693.0,677998
C314,Olivia Garcia,69.0,149109.0,650849
C315,Olivia Miller,33.0,75447.0,570304
C316,Brian Garcia,28.0,66745.0,838063
C317,,30.0,173327.0,129633
C318,Laura Jackson,27.0,95532.0,756065
C319,Brian Clark,23.0,190309.0,465577
C320,James Miller,59.0,110011.0,242700
C321,John Martin,21.0,199679.0,67339
C322,Nancy Smith,31.0,82874.0,752776
C323,David Williams,25.0,129746.0,564515
C324,,39.0,51855.0,931081
C325,Linda Thompson,28.0,46606.0,807909
C326,Robert Lewis,66.0,103178.0,490270
C327,Brian Lewis,50.0,104715.0,629554
C328,Chris Davis,35.0,94847.0,492911
C329,Daniel Clark,39.0,,139912
C330,Mark Anderson,64.0,40343.0,53324
C331,Kevin Miller,51.0,87449.0,289075
C332,Nancy Jackson,52.0,112516.0,185491
C333,David Smith,54.0,30199.0,985110
C334,James Wilson,56.0,80094.0,320664
C335,James Thompson,69.0,118129.0,429846
C336,Sarah Lewis,56.0,199404.0,125749
C337,Anna Harris,67.0,72445.0,907252
C338,Mark Jackson,31.0,102346.0,78524
C339,Michael Johnson,36.0,152060.0,549132
C340,Robert Clark,25.0,37760.0,222965
C341,Michael White,26.0,113019.0,528011
C342,George Smith,,,-747
C343,Daniel Davis,59.0,139513.0,610147
C344,Daniel Thompson,43.0,99080.0,313292
C345,Laura Thompson,53.0,96571.0,12374
C346,Laura Taylor,60.0,72833.0,536765
C347,Chris Thompson,37.0,141590.0,796463
C348,Michael Taylor,24.0,100960.0,791372
C349,Linda Taylor,19.0,77641.0,551241
C350,Robert Lewis,25.0,34238.0,944504
C351,Laura Johnson,21.0,187488.0,548667
C352,Kevin Thompson,68.0,174613.0,94634
C353,Robert Davis,68.0,179514.0,614799
C354,Chris Smith,46.0,149746.0,869775
C355,David Jackson,18.0,65092.0,411472
C356,Chris Harris,56.0,197009.0,500913
C357,Emily Harris,62.0,130146.0,511768
C358,Paul Thomas,48.0,158890.0,869740
C359,David Thomas,27.0,84081.0,339126
C360,Kevin Smith,56.0,68533.0,492077
C361,Robert Brown,47.0,134525.0,92977
C362,Robert Williams,54.0,75436.0,602958
C363,James Jackson,42.0,35432.0,144178
C364,Kevin Smith,67.0,92815.0,101731
C365,Chris White,67.0,100296.0,270124
C366,Kevin Jackson,27.0,92108.0,135001
C367,Robert Miller,50.0,161986.0,341385
C368,Nancy Brown,20.0,126090.0,46813
C369,Brian Brown,62.0,118123.0,511260
C370,Robert Lewis,56.0,31200.0,12407
C371,George Clark,23.0,173060.0,177681
C372,James Martin,54.0,148217.0,812310
C373,Chris Harris,24.0,103308.0,184525
C374,Nancy Taylor,70.0,198453.0,859401
C375,James Martin,19.0,76684.0,853019
C376,Sarah Lewis,30.0,80565.0,46770
C377,Chris Anderson,39.0,71277.0,509169
C378,Anna White,21.0,98973.0,565917
C379,Mark Davis,,79356.0,916900
C380,George Brown,60.0,182558.0,763574
C381,Paul Harris,60.0,0.0,318403
C382,James Williams,36.0,156367.0,803274
C383,Brian Harris,38.0,147617.0,680257
C384,Mark Miller,47.0,43998.0,977918
C385,Sophia Thompson,42.0,44413.0,136117
C386,Paul White,64.0,57435.0,545908
C387,George Martinez,28.0,93825.0,219081
C388,Linda Jackson,35.0,62421.0,496886
C389,Sarah Moore,51.0,166420.0,477914
C390,Sophia Lewis,52.0,123542.0,590155
C391,Kevin Jackson,55.0,102793.0,987789
C392,George Thompson,70.0,95282.0,769890
C393,Kevin Wilson,48.0,75357.0,211358
C394,Laura Taylor,40.0,172510.0,935296
C395,Anna Taylor,25.0,67553.0,756020
C396,Anna Smith,29.0,93234.0,691413
C397,Kevin White,59.0,114690.0,471444
C398,Sophia Clark,61.0,69413.0,333461
C399,David Martinez,24.0,98932.0,492060
C400,Linda Thompson,22.0,175676.0,485671
C401,Emily Taylor,30.0,165942.0,774416
C402,Michael Miller,40.0,100993.0,721072
C403,Kevin Garcia,25.0,78006.0,523552
C404,Sarah Wilson,19.0,56918.0,764191
C405,John Harris,32.0,161618.0,703426
C406,George Taylor,70.0,66459.0,288800
C407,Paul Garcia,63.0,153107.0,395772
C408,Olivia Wilson,70.0,193533.0,992183
C409,Olivia Johnson,19.0,71801.0,812134
C410,Anna Thomas,55.0,160112.0,168156
C411,Anna Jackson,26.0,126702.0,354232
C412,Paul Jackson,68.0,72424.0,7387
C413,Emily Martin,47.0,104907.0,464278
C414,Daniel Thomas,46.0,157282.0,160205
C415,Mark Johnson,65.0,145448.0,606217
C416,Nancy Moore,62.0,165418.0,863911
C417,Daniel White,49.0,114441.0,569223
C418,Emily Anderson,66.0,50730.0,624354
C419,Paul Garcia,49.0,47094.0,155025
C420,James Miller,25.0,52914.0,561669
C421,Anna Martinez,62.0,122006.0,888443
C422,Kevin Davis,37.0,104982.0,350274
C423,Mark Lewis,69.0,101432.0,619749
C424,Nancy Martin,69.0,109492.0,537662
C425,Linda Jackson,57.0,167371.0,259947
C426,Daniel Thomas,43.0,174980.0,729267
C427,Sarah Harris,46.0,46420.0,105064
C428,Brian Jackson,55.0,36496.0,150570
C429,Brian Miller,46.0,135060.0,202734
C430,Emily Davis,38.0,108089.0,997788
C431,Brian Johnson,20.0,169554.0,265195
C432,Mark Taylor,62.0,152437.0,642674
C433,Sophia Thomas,39.0,83729.0,832403
C434,Paul Martin,25.0,47301.0,390392
C435,George Lewis,33.0,76016.0,8033
C436,Linda Lewis,22.0,61601.0,703297
C437,Brian Johnson,55.0,85486.0,791380
C438,George Anderson,30.0,138921.0,912702
C439,Brian Martinez,70.0,38283.0,435693
C440,Kevin Clark,19.0,146860.0,105185
C441,Kevin Jackson,39.0,123523.0,693303
C442,George Smith,57.0,186313.0,587645
C443,Nancy Miller,49.0,63466.0,638888
C444,Nancy Garcia,18.0,120808.0,809793
C445,Daniel Garcia,37.0,157368.0,485677
C446,Olivia Williams,22.0,132322.0,306483
C447,Sophia Martinez,31.0,107441.0,381717
C448,Sophia Johnson,39.0,68564.0,831265
C449,Daniel Smith,63.0,179746.0,965228
C450,Mark Wilson,23.0,98018.0,936773
C451,Olivia Lewis,39.0,162256.0,288284
C452,Brian Taylor,47.0,140289.0,785124
C453,Kevin Garcia,37.0,165140.0,633130
C454,Brian Martinez,30.0,126737.0,45708
C455,Olivia Lewis,65.0,131863.0,753958
C456,Anna Garcia,51.0,172793.0,210138
C457,George Miller,24.0,62259.0,495250
C458,David Lewis,41.0,162042.0,835553
C459,Brian Brown,,54462.0,73454
C460,Paul Martin,37.0,136026.0,463197
C461,Nancy Johnson,35.0,121882.0,848170
C462,Anna Clark,42.0,55704.0,177391
C463,Laura Anderson,47.0,117697.0,234929
C464,Linda Smith,44.0,190892.0,695834
C465,Sophia Harris,67.0,65655.0,746452
C466,Michael White,20.0,178428.0,473723
C467,Mark Thompson,40.0,90188.0,334598
C468,George Davis,21.0,67599.0,166809
C469,Daniel Johnson,35.0,83578.0,262214
C470,Paul Garcia,27.0,184361.0,343716
C471,Daniel Martin,,147537.0,59966
C472,Olivia White,69.0,38410.0,240930
C473,Anna Garcia,38.0,124740.0,693942
C474,Sophia Williams,51.0,136479.0,224273
C475,Anna Davis,45.0,156066.0,658962
C476,Laura Brown,22.0,151344.0,696216
C477,Linda Johnson,43.0,185017.0,127867
C478,John Taylor,69.0,131328.0,695747
C479,Mark Davis,54.0,142440.0,455501
C480,Michael Jackson,36.0,96801.0,500959
C481,Paul Brown,,30628.0,780813
C482,George Smith,49.0,75191.0,7000
C483,Brian Miller,41.0,138830.0,139015
C484,Anna Johnson,23.0,127056.0,146279
C485,Sarah Miller,43.0,75542.0,170105
C486,Anna Anderson,39.0,49157.0,985510
C487,Chris Taylor,36.0,138145.0,759298
C488,Robert Williams,46.0,75060.0,296261
C489,Kevin Smith,32.0,163126.0,346973
C490,Sarah Lewis,43.0,121863.0,713373
C491,John Lewis,65.0,183335.0,353328
C492,Linda Moore,18.0,51521.0,337752
C493,Anna Martin,47.0,90434.0,951791
C494,David Lewis,28.0,52807.0,753160
C495,Linda Clark,56.0,186586.0,225376
C496,Daniel Miller,28.0,157029.0,700529
C497,George Garcia,59.0,43997.0,866405
C498,Paul Davis,26.0,30579.0,451602
C499,Daniel Davis,55.0,182757.0,283671
C500,Daniel Clark,25.0,57322.0,65135
C501,Nancy Garcia,55.0,127226.0,988539
C502,Brian Anderson,38.0,-10000.0,681123
C503,Brian Wilson,52.0,61833.0,286552
C504,John Johnson,63.0,72078.0,734401
C505,Daniel Clark,63.0,55965.0,941778
C506,Emily Moore,43.0,112745.0,721191
C507,Sophia Thomas,69.0,198682.0,36127
C508,David Wilson,34.0,58768.0,583163
C509,Sophia Thompson,48.0,80390.0,528698
C510,Paul Lewis,70.0,163440.0,278780
C511,Laura Davis,63.0,40912.0,353977
C512,Olivia Lewis,47.0,160862.0,791456
C513,Olivia Lewis,59.0,44669.0,703274
C514,Chris Moore,32.0,36935.0,433977
C515,David Martin,23.0,123401.0,373294
C516,Michael Brown,29.0,178424.0,723046
C517,Brian Moore,25.0,57180.0,758108
C518,John Harris,24.0,151851.0,41725
C519,Kevin Clark,55.0,104057.0,277033
C520,Laura Williams,28.0,165241.0,585266
C521,Mark Smith,25.0,50001.0,110809
C522,Linda Miller,38.0,172709.0,803788
C523,Michael Davis,57.0,146614.0,353436
C524,Anna Garcia,31.0,52618.0,726760
C525,Sophia Miller,31.0,84495.0,393880
C526,David Jackson,21.0,198085.0,230910
C527,Laura Jackson,42.0,105777.0,963770
C528,Paul Davis,41.0,187601.0,449202
C529,Robert Miller,44.0,158275.0,707153
C530,Daniel Thompson,61.0,137356.0,551466
C531,Laura Thomas,48.0,148291.0,81693
C532,Linda Anderson,22.0,111300.0,952670
C533,David Williams,68.0,30241.0,909014
C534,Sarah Taylor,19.0,32518.0,57895
C535,James Lewis,66.0,185784.0,337725
C536,Robert Martin,66.0,143769.0,400963
C537,Chris Anderson,53.0,63104.0,851003
C538,Chris Taylor,42.0,195356.0,722770
C539,Daniel Harris,52.0,87236.0,833131
C540,Michael Thomas,49.0,49841.0,310836
C541,Nancy Thomas,18.0,122821.0,399120
C542,Paul Thompson,61.0,196257.0,859748
C543,Sophia Martinez,51.0,194664.0,233480
C544,Linda Harris,52.0,42411.0,434697
C545,Sarah Smith,38.0,166818.0,207348
C546,Emily Moore,54.0,63557.0,498168
C547,Paul Garcia,50.0,143772.0,559371
C548,Paul Clark,35.0,87451.0,833857
C549,John Davis,51.0,156902.0,615668
C550,Kevin Thomas,40.0,136881.0,596163
C551,Sophia Martinez,30.0,40839.0,932160
C552,Linda Jackson,26.0,115174.0,44089
C553,Emily Wilson,47.0,103723.0,408004
C554,John Thompson,48.0,155362.0,26789
C555,James Jackson,60.0,96658.0,226709
C556,David Moore,48.0,79289.0,286397
C557,Emily Williams,29.0,32792.0,455680
C558,Chris Thompson,67.0,119054.0,398643
C559,Olivia Jackson,28.0,84194.0,87228
C560,James White,38.0,101123.0,516726
C561,Nancy Thompson,30.0,79300.0,365941
C562,Daniel Miller,41.0,141633.0,248360
C563,Michael Lewis,62.0,193297.0,229531
C564,Brian Davis,53.0,133386.0,483945
C565,Olivia Lewis,62.0,123558.0,823211
C566,Olivia Miller,66.0,100870.0,951158
C567,Chris Moore,40.0,50735.0,812572
C568,Paul Harris,51.0,169112.0,944672
C569,Sarah Davis,40.0,107919.0,983608
C570,Daniel Brown,70.0,51623.0,49233
C571,Robert Harris,22.0,48897.0,127553
C572,John Miller,70.0,186143.0,696859
C573,Mark Lewis,28.0,178938.0,404315
C574,John Thomas,18.0,41814.0,854508
C575,Daniel Taylor,61.0,88911.0,453600
C576,Nancy Wilson,51.0,144927.0,862827
C577,Kevin Martin,47.0,60161.0,888356
C578,Emily Thompson,36.0,34983.0,281193
C579,Paul Taylor,36.0,126429.0,289298
C580,Linda Taylor,37.0,33620.0,658625
C581,Linda Martin,65.0,145254.0,246040
C582,David Thompson,44.0,77520.0,970651
C583,Linda Martin,70.0,105737.0,313850
C584,Olivia Martin,45.0,48331.0,957948
C585,Mark Miller,63.0,56620.0,520234
C586,Sophia Lewis,37.0,148486.0,861921
C587,Nancy Martinez,18.0,146087.0,764430
C588,Kevin Anderson,43.0,119270.0,207017
C589,Brian Jackson,18.0,130731.0,409806
C590,Nancy Martin,53.0,110824.0,320405
C591,Chris Smith,42.0,51129.0,494996
C592,Chris Lewis,60.0,60945.0,283203
C593,Laura Thomas,57.0,168173.0,7034
C594,Brian Clark,48.0,35130.0,637429
C595,Anna Moore,40.0,100359.0,616214
C596,David Lewis,47.0,84915.0,151028
C597,Chris Taylor,23.0,104429.0,962781
C598,Laura Jackson,60.0,188186.0,246689
C599,Anna Martin,45.0,96779.0,630425
C600,Nancy Lewis,150.0,95184.0,124367
C601,Emily Anderson,27.0,82559.0,834433
C602,Nancy Lewis,27.0,33237.0,848362
C603,Anna Anderson,34.0,37510.0,626310
C604,Kevin Miller,69.0,101203.0,632909
C605,Anna Lewis,41.0,166657.0,928009
C606,Robert Jackson,28.0,94467.0,213393
C607,Daniel Wilson,43.0,0.0,868871
C608,David Wilson,18.0,122789.0,935003
C609,Anna Miller,45.0,83611.0,863945
C610,Robert Jackson,23.0,162304.0,73343
C611,Nancy Jackson,60.0,76174.0,645777
C612,Daniel Taylor,51.0,138922.0,-447
C613,George Wilson,46.0,54298.0,555338
C614,Laura Wilson,47.0,192819.0,82086
C615,Olivia Garcia,33.0,185352.0,519827
C616,Linda Clark,68.0,182793.0,736984
C617,David Smith,34.0,188877.0,705837
C618,Brian Brown,69.0,51785.0,490095
C619,Linda Thomas,18.0,54028.0,229339
C620,James Williams,69.0,163477.0,651485
C621,John Moore,45.0,199363.0,505567
C622,Laura Martinez,64.0,119206.0,943556
C623,Michael Anderson,38.0,129206.0,515011
C624,Sarah Johnson,55.0,124515.0,576473
C625,George Martin,61.0,195945.0,1466
C626,John Taylor,55.0,180442.0,278462
C627,Chris Wilson,38.0,141412.0,386023
C628,Robert Miller,70.0,166516.0,263654
C629,Michael Wilson,48.0,41494.0,659606
C630,Emily Williams,34.0,125478.0,671752
C631,Brian Anderson,18.0,36517.0,447429
C632,Emily Harris,35.0,94531.0,117054
C633,Anna Davis,44.0,92988.0,560971
C634,Emily Moore,-5.0,157158.0,804937
C635,Kevin Thompson,31.0,96153.0,265641
C636,David Harris,24.0,163981.0,498534
C637,Michael Wilson,53.0,98685.0,417207
C638,Sophia Miller,25.0,175538.0,587248
C639,Kevin Brown,66.0,126315.0,130492
C640,Sophia Wilson,34.0,50165.0,606686
C641,Daniel Taylor,60.0,40467.0,13982
C642,Laura Williams,65.0,94453.0,228546
C643,John Taylor,-5.0,150903.0,327307
C644,Michael Garcia,59.0,109847.0,730035
C645,George Harris,24.0,148900.0,427361
C646,Nancy Jackson,63.0,163957.0,15796
C647,Laura Thompson,39.0,186529.0,713781
C648,Mark Martin,58.0,166928.0,77182
C649,Robert Martinez,62.0,32121.0,108687
C650,Brian White,57.0,144349.0,703206
C651,Linda Martin,21.0,30296.0,515804
C652,Emily White,61.0,192276.0,632672
C653,John Martin,66.0,89113.0,810407
C654,Olivia Taylor,55.0,113780.0,304472
C655,Paul Wilson,53.0,53221.0,394001
C656,Sarah Davis,54.0,64530.0,283599
C657,Robert Garcia,26.0,120303.0,53501
C658,Chris Harris,34.0,193882.0,9151
C659,Mark Thompson,41.0,41759.0,347570
C660,Emily Johnson,39.0,62551.0,678245
C661,Daniel Davis,44.0,90329.0,389340
C662,Kevin Martinez,70.0,136884.0,923622
C663,Laura White,67.0,146256.0,133747
C664,Michael Williams,60.0,76709.0,127600
C665,Laura Davis,58.0,73500.0,500674
C666,Laura Thomas,64.0,56746.0,782023
C667,Nancy Martin,53.0,135398.0,7735
C668,Kevin Martinez,61.0,75104.0,115791
C669,George Thomas,60.0,159808.0,286539
C670,James Clark,50.0,148016.0,795375
C671,Linda Davis,42.0,136157.0,134003
C672,Laura Williams,,97562.0,737673
C673,John Wilson,26.0,137272.0,290724
C674,John Brown,20.0,188415.0,613986
C675,Anna Miller,47.0,118437.0,503279
C676,Chris Harris,65.0,41375.0,477895
C677,Daniel Wilson,35.0,43313.0,859298
C678,Mark Smith,48.0,147517.0,283470
C679,Kevin Garcia,51.0,140049.0,380124
C680,David Thompson,68.0,181374.0,700224
C681,Emily Wilson,54.0,94143.0,692355
C682,George Thomas,26.0,114682.0,596709
C683,Michael Martin,22.0,122930.0,810710
C684,David Jackson,32.0,197595.0,869172
C685,Emily Clark,46.0,124546.0,545824
C686,Michael Thomas,42.0,145326.0,958602
C687,Linda Jackson,61.0,186273.0,767315
C688,Kevin Williams,46.0,187796.0,280354
C689,Laura Moore,19.0,100516.0,867031
C690,George Brown,24.0,51291.0,922169
C691,Unknown,21.0,150592.0,707813
C692,Anna Martinez,38.0,102414.0,442177
C693,Laura White,27.0,195630.0,603989
C694,Emily Harris,66.0,157436.0,404071
C695,Emily Martinez,26.0,64499.0,655755
C696,Anna Lewis,28.0,48044.0,168162
C697,Paul Taylor,30.0,56116.0,784625
C698,Anna Anderson,59.0,172792.0,353259
C699,Emily Wilson,25.0,199218.0,882684
C700,George Taylor,26.0,145549.0,50612
C701,Emily Wilson,45.0,159099.0,847912
C702,Nancy Garcia,62.0,37377.0,125747
C703,Daniel Taylor,46.0,47159.0,597943
C704,Nancy Thomas,29.0,99998.0,942608
C705,Emily Moore,39.0,82421.0,493524
C706,Michael Jackson,63.0,76165.0,515858
C707,Sarah Jackson,35.0,154992.0,282346
C708,Kevin Thomas,69.0,114228.0,18948
C709,Nancy Anderson,21.0,134666.0,692654
C710,Olivia Moore,69.0,140075.0,837332
C711,David Thompson,33.0,193843.0,785715
C712,George Davis,32.0,117492.0,229749
C713,Kevin Smith,40.0,199113.0,733078
C714,Kevin Jackson,25.0,177953.0,472437
C715,James Taylor,66.0,62642.0,471372
C716,Linda Johnson,47.0,59191.0,122932
C717,Robert Thompson,57.0,56349.0,143012
C718,Linda Taylor,54.0,68011.0,408591
C719,Chris Harris,59.0,144782.0,680642
C720,Sophia Davis,24.0,197759.0,300715
C721,Anna Harris,29.0,31093.0,446152
C722,John Martin,24.0,146243.0,210953
C723,,67.0,182547.0,519971
C724,Mark Taylor,65.0,52597.0,349890
C725,George Lewis,22.0,74258.0,558776
C726,Laura Martin,42.0,40839.0,434595
C727,Sarah Anderson,24.0,91101.0,567477
C728,Olivia Clark,54.0,130766.0,952907
C729,David White,63.0,148921.0,487415
C730,Daniel Wilson,27.0,114049.0,358540
C731,Linda Johnson,54.0,153839.0,125376
C732,Brian Wilson,59.0,172010.0,667919
C733,Paul Martin,26.0,177987.0,849843
C734,Daniel Clark,47.0,52926.0,739786
C735,George Harris,18.0,101696.0,382824
C736,James Anderson,28.0,185015.0,520089
C737,Brian Williams,47.0,94213.0,639252
C738,Laura Johnson,64.0,114668.0,39362
C739,Unknown,150.0,44801.0,2036
C740,John Miller,69.0,187633.0,694934
C741,Sarah White,20.0,154405.0,128652
C742,Mark Brown,50.0,181439.0,504506
C743,Robert Moore,62.0,153927.0,241341
C744,Daniel Lewis,56.0,140796.0,746485
C745,Emily Moore,58.0,139611.0,366166
C746,Laura Thompson,42.0,55972.0,395762
C747,Brian Martin,46.0,100073.0,287861
C748,Michael Davis,68.0,43222.0,270531
C749,Emily Martin,19.0,89799.0,550255
C750,John Moore,57.0,92938.0,631397
C751,Paul Thomas,18.0,102089.0,11259
C752,Paul Lewis,50.0,82459.0,728811
C753,Emily Smith,42.0,122674.0,808523
C754,Laura Lewis,45.0,139128.0,792120
C755,Anna Moore,70.0,53381.0,850122
C756,Daniel Thompson,66.0,173673.0,459002
C757,Robert White,52.0,64455.0,647501
C758,Paul Martinez,67.0,103862.0,104747
C759,George Anderson,60.0,129674.0,451434
C760,James Martin,28.0,163627.0,799973
C761,Nancy Thomas,67.0,87049.0,139653
C762,Mark Anderson,150.0,130913.0,312059
C763,Olivia Lewis,28.0,83114.0,901411
C764,Sophia Johnson,27.0,126401.0,849312
C765,Chris Anderson,33.0,198635.0,714115
C766,James Thompson,58.0,178651.0,720744
C767,John White,47.0,127298.0,576933
C768,Emily Anderson,31.0,134552.0,553168
C769,Paul Williams,70.0,75954.0,512357
C770,Sophia Clark,54.0,55536.0,28832
C771,Sarah White,67.0,42154.0,732452
C772,James Wilson,56.0,84379.0,632650
C773,David Martin,56.0,85338.0,457049
C774,George Thompson,59.0,179367.0,502447
C775,Paul Moore,68.0,49001.0,311199
C776,James Moore,27.0,94389.0,145758
C777,Daniel Clark,62.0,59576.0,557920
C778,Olivia Martinez,36.0,198797.0,426432
C779,Linda Miller,47.0,87457.0,31147
C780,James Johnson,66.0,124649.0,386073
C781,George Taylor,61.0,67896.0,471083
C782,Michael Moore,54.0,44293.0,634092
C783,Paul White,56.0,197783.0,533763
C784,Linda Jackson,22.0,195184.0,759974
C785,Anna Garcia,45.0,51467.0,703968
C786,Nancy Martinez,18.0,160945.0,595577
C787,Emily Jackson,49.0,176067.0,7184
C788,Anna Williams,47.0,100726.0,870652
C789,Laura Clark,53.0,,266831
C790,Sarah Lewis,28.0,190469.0,358119
C791,George Johnson,61.0,50606.0,365671
C792,Mark Jackson,39.0,108773.0,90114
C793,Anna Wilson,55.0,36699.0,850293
C794,Michael Thompson,45.0,194697.0,627188
C795,Daniel Martin,20.0,178851.0,583309
C796,John Brown,35.0,186815.0,621767
C797,James Smith,68.0,180665.0,192814
C798,Linda Martinez,45.0,122164.0,797549
C799,Michael Miller,62.0,148746.0,690926
C800,Nancy Moore,41.0,100514.0,446142
C801,Kevin Lewis,23.0,193731.0,187043
C802,Nancy Smith,51.0,188915.0,529465
C803,Emily Thomas,37.0,181649.0,939707
C804,Mark Harris,44.0,59742.0,43937
C805,Unknown,52.0,46274.0,165876
C806,Olivia Thompson,56.0,125593.0,234314
C807,Paul Davis,52.0,44368.0,658004
C808,Linda White,67.0,57488.0,295837
C809,Michael Garcia,57.0,148031.0,449276
C810,Kevin Harris,-5.0,70356.0,637359
C811,Michael Thomas,33.0,109699.0,165745
C812,Sophia Martinez,38.0,132541.0,357692
C813,Laura Johnson,24.0,185756.0,326938
C814,John Thompson,66.0,190775.0,930888
C815,Emily Harris,19.0,130084.0,851324
C816,George Brown,49.0,101291.0,17927
C817,Sarah Martin,58.0,158395.0,823614
C818,James Thompson,59.0,63255.0,88453
C819,Anna Martin,54.0,73715.0,481814
C820,Nancy Martinez,60.0,179473.0,635914
C821,Daniel Wilson,67.0,112233.0,342217
C822,Linda Moore,55.0,146353.0,696039
C823,John Brown,55.0,166761.0,657982
C824,Chris Jackson,44.0,44827.0,129674
C825,Chris White,68.0,,487804
C826,George Miller,28.0,180881.0,461773
C827,Chris Harris,39.0,127071.0,41417
C828,Kevin Martin,56.0,162696.0,916387
C829,Linda Wilson,35.0,176365.0,726035
C830,Kevin White,31.0,80038.0,917150
C831,David Anderson,40.0,98073.0,957403
C832,David Harris,29.0,50557.0,230982
C833,George Jackson,23.0,46085.0,814152
C834,David Wilson,58.0,65150.0,398036
C835,Nancy Miller,42.0,115980.0,977220
C836,Brian White,31.0,170957.0,145975
C837,Michael Lewis,41.0,146972.0,804017
C838,Robert Thomas,55.0,103450.0,868755
C839,Chris Smith,67.0,161242.0,698992
C840,Daniel Taylor,51.0,73981.0,291135
C841,George Thomas,38.0,70629.0,579320
C842,Nancy Lewis,62.0,152776.0,503867
C843,Mark Lewis,48.0,131147.0,209579
C844,Unknown,39.0,80262.0,870492
C845,Robert White,38.0,52652.0,465167
C846,James Davis,150.0,98722.0,841053
C847,Chris Moore,34.0,89912.0,353480
C848,Nancy Taylor,42.0,45228.0,744793
C849,Nancy Smith,32.0,101642.0,231390
C850,Michael Jackson,57.0,55724.0,725877
C851,Olivia Thompson,67.0,148415.0,663710
C852,George Clark,66.0,179009.0,573000
C853,Kevin Lewis,37.0,84029.0,595545
C854,Paul Williams,21.0,137553.0,346194
C855,Mark Johnson,34.0,136872.0,522498
C856,Robert Thomas,65.0,62414.0,939280
C857,Olivia Wilson,58.0,165423.0,680557
C858,Paul Martinez,23.0,41873.0,291775
C859,George Clark,69.0,34074.0,2173
C860,Kevin Martin,18.0,177433.0,63637
C861,Chris Thomas,39.0,116938.0,45414
C862,Emily Williams,21.0,73974.0,-3261
C863,David Harris,64.0,61324.0,931130
C864,Brian Johnson,41.0,87182.0,851055
C865,Brian Martin,21.0,158168.0,494756
C866,Michael Clark,48.0,66858.0,464027
C867,Mark Martinez,19.0,97049.0,479913
C868,James Williams,69.0,188929.0,711355
C869,James Taylor,44.0,164983.0,883184
C870,David Thomas,27.0,158887.0,38115
C871,Paul Martin,57.0,142334.0,102350
C872,Laura Moore,150.0,119384.0,484138
C873,Mark Miller,66.0,63823.0,521375
C874,Kevin Anderson,28.0,125878.0,499314
C875,Linda Davis,33.0,149179.0,384377
C876,Olivia Martin,55.0,122910.0,634011
C877,Sarah Taylor,30.0,72071.0,380490
C878,Daniel Lewis,64.0,90747.0,127
C879,Brian Taylor,25.0,84268.0,61820
C880,Sophia Thomas,68.0,36139.0,488335
C881,John Miller,37.0,150209.0,941793
C882,Chris Clark,32.0,150667.0,55445
C883,James Taylor,36.0,73425.0,953931
C884,Daniel Martin,18.0,91863.0,502318
C885,Robert Lewis,36.0,98210.0,788233
C886,Robert Moore,44.0,132272.0,656043
C887,George Harris,38.0,115952.0,930038
C888,Emily Brown,18.0,129420.0,429910
C889,Michael Johnson,33.0,31968.0,851065
C890,Anna Martin,36.0,107674.0,780389
C891,Emily Thomas,67.0,186062.0,320208
C892,Sophia Williams,26.0,151359.0,290577
C893,David Thompson,23.0,106713.0,189568
C894,Sophia Miller,22.0,70473.0,867827
C895,Linda White,56.0,166479.0,270464
C896,David Harris,35.0,57126.0,779125
C897,David Davis,41.0,166090.0,294607
C898,Michael Harris,64.0,168217.0,673209
C899,Brian Thompson,51.0,70966.0,605598
C900,Nancy Thomas,43.0,35230.0,442549
C901,Robert Lewis,38.0,86696.0,521225
C902,Anna Garcia,51.0,195149.0,503271
C903,Laura Clark,33.0,43287.0,16572
C904,Sarah Harris,50.0,145686.0,681898
C905,Emily Johnson,69.0,71886.0,189731
C906,Olivia Johnson,67.0,147493.0,309062
C907,Paul Smith,32.0,46982.0,259325
C908,Daniel Williams,25.0,152959.0,150207
C909,Brian Clark,21.0,189703.0,285157
C910,Daniel Taylor,41.0,147033.0,447810
C911,Emily Brown,48.0,196081.0,109082
C912,Paul Brown,43.0,142033.0,667815
C913,Daniel Thomas,58.0,177556.0,445089
C914,Robert Harris,39.0,159036.0,913460
C915,Kevin Wilson,51.0,53887.0,561505
C916,Sophia Jackson,29.0,96670.0,61951
C917,John Martin,27.0,60090.0,356019
C918,David Thompson,26.0,131394.0,53220
C919,Brian Martin,24.0,55768.0,343935
C920,Linda Williams,67.0,147728.0,659902
C921,Linda Smith,65.0,191269.0,619421
C922,Sophia Miller,61.0,151802.0,608215
C923,George Williams,51.0,139712.0,230840
C924,George Clark,36.0,180991.0,725895
C925,Michael Thomas,61.0,30725.0,809087
C926,Olivia Lewis,27.0,82124.0,631245
C927,Olivia Thompson,24.0,80955.0,555192
C928,Emily Smith,38.0,135738.0,394809
C929,Olivia Harris,25.0,45598.0,35479
C930,Michael Clark,30.0,56101.0,892529
C931,George Martinez,38.0,70276.0,662978
C932,Chris Johnson,70.0,134003.0,763855
C933,Emily Thompson,59.0,74414.0,101607
C934,Sarah Jackson,24.0,125721.0,656776
C935,George Clark,52.0,143930.0,449503
C936,Olivia White,19.0,70311.0,497244
C937,James Williams,18.0,110773.0,532633
C938,Kevin Garcia,29.0,37958.0,448423
C939,,66.0,168367.0,655564
C940,Laura Williams,42.0,192071.0,908680
C941,Nancy Thompson,43.0,99345.0,308543
C942,Daniel White,35.0,198045.0,867340
C943,Kevin Smith,25.0,175926.0,331170
C944,John Harris,36.0,31943.0,554368
C945,David Lewis,55.0,89554.0,87256
C946,Chris Davis,20.0,168484.0,370207
C947,Robert Clark,49.0,41496.0,327580
C948,David White,60.0,105595.0,850675
C949,Paul Brown,24.0,138886.0,410061
C950,Laura Anderson,52.0,57761.0,298735
C951,David Clark,48.0,107657.0,88044
C952,Daniel Anderson,37.0,124211.0,62724
C953,Brian Martin,27.0,133133.0,812078
C954,Michael Miller,48.0,159561.0,923707
C955,Robert Martinez,57.0,78872.0,827204
C956,Chris Davis,32.0,75751.0,442167
C957,Emily Brown,45.0,65143.0,688935
C958,Sophia Thomas,,85164.0,715774
C959,Paul Johnson,59.0,168715.0,383870
C960,George Jackson,33.0,164489.0,606281
C961,Sophia Johnson,43.0,33696.0,790002
C962,Olivia Harris,57.0,39306.0,47726
C963,Daniel Harris,50.0,63769.0,446605
C964,Nancy Harris,63.0,159059.0,113389
C965,Michael Harris,61.0,140380.0,375521
C966,Mark Garcia,41.0,43438.0,602502
C967,Michael Taylor,30.0,31066.0,79135
C968,George Brown,27.0,98350.0,811300
C969,Olivia Miller,150.0,46385.0,300318
C970,Michael Garcia,27.0,71249.0,929218
C971,Olivia Miller,68.0,52994.0,533590
C972,Anna Moore,64.0,49673.0,349319
C973,George Taylor,51.0,86953.0,790259
C974,Olivia Thomas,56.0,61363.0,603571
C975,George White,68.0,44307.0,762571
C976,Sophia Jackson,48.0,57344.0,363365
C977,Daniel Williams,23.0,197542.0,956713
C978,Nancy Johnson,35.0,53593.0,233184
C979,Emily Anderson,30.0,44371.0,676123
C980,Mark Jackson,57.0,,658401
C981,Daniel Wilson,66.0,56716.0,385832
C982,George Wilson,53.0,185913.0,33734
C983,Laura Davis,45.0,180141.0,113054
C984,Brian Anderson,52.0,159428.0,106805
C985,Paul Davis,55.0,85431.0,624923
C986,Emily Davis,49.0,131018.0,623799
C987,Emily Lewis,28.0,142604.0,954369
C988,Laura Martinez,61.0,36446.0,542802
C989,Robert Moore,44.0,91443.0,597214
C990,Olivia Garcia,61.0,104271.0,270815
C991,Laura Thompson,47.0,156516.0,722367
C992,John Clark,24.0,56810.0,762780
C993,James Moore,30.0,169439.0,120801
C994,Brian Johnson,52.0,172690.0,477806
C995,Robert Taylor,27.0,168952.0,712214
C996,Daniel Taylor,70.0,57063.0,779451
C997,David Thomas,42.0,108459.0,278880
C998,George Martinez,52.0,32141.0,733021
C999,Michael Williams,69.0,186962.0,27234
C1000,Linda Anderson,30.0,180305.0,853004
C1001,Emily Williams,55.0,47554.0,234048
C1002,Olivia Garcia,18.0,87723.0,927680
C1003,Mark Garcia,25.0,177930.0,760446
C1004,Michael Harris,45.0,117429.0,648398
C1005,John Moore,37.0,154634.0,136392
C1006,Paul Lewis,41.0,167179.0,281777
C1007,Sophia Anderson,53.0,178863.0,927416
C1008,Mark Thompson,69.0,91744.0,5099
C1009,Laura Moore,62.0,185373.0,74894
C1010,Sarah Thompson,35.0,187141.0,792527
C1011,Daniel Lewis,27.0,78220.0,912053
C1012,George Miller,26.0,34327.0,894984
C1013,Daniel Lewis,25.0,88140.0,911557
C1014,James Lewis,64.0,135762.0,482709
C1015,Nancy Davis,66.0,103892.0,899247
C1016,Brian White,63.0,91929.0,143579
C1017,John Williams,51.0,178568.0,350770
C1018,Laura Anderson,23.0,106539.0,313314
C1019,Sarah Williams,150.0,139756.0,805216
C1020,Sarah Smith,45.0,119434.0,325619
C1021,Brian Martinez,49.0,198093.0,922664
C1022,James Smith,54.0,100204.0,247407
C1023,Anna Davis,46.0,178048.0,261690
C1024,Brian Thomas,33.0,62686.0,124284
C1025,Robert Smith,60.0,193624.0,759772
C1026,Daniel Brown,51.0,52423.0,828945
C1027,George Smith,29.0,139696.0,487430
C1028,James White,59.0,83764.0,959267
C1029,Olivia Davis,34.0,99679.0,919745
C1030,Kevin Thomas,60.0,42215.0,980162
C1031,David Miller,37.0,126168.0,589812
C1032,George Brown,24.0,67431.0,947797
C1033,Paul Wilson,62.0,182437.0,242192
C1034,David Brown,57.0,141097.0,621362
C1035,Sarah Harris,46.0,129906.0,438774
C1036,Mark Harris,68.0,131072.0,3095
C1037,John Anderson,63.0,129946.0,115259
C1038,John Johnson,23.0,147996.0,67939
C1039,Nancy Garcia,26.0,114489.0,885376
C1040,Emily Wilson,30.0,102881.0,439698
C1041,Chris Clark,25.0,86297.0,871401
C1042,Michael Martinez,59.0,183032.0,826493
C1043,Brian Jackson,53.0,62771.0,504054
C1044,Anna Jackson,59.0,129866.0,758465
C1045,Brian Lewis,43.0,187487.0,969924
C1046,Anna Thompson,33.0,46971.0,587778
C1047,David Martinez,34.0,132135.0,721097
C1048,David Smith,57.0,71382.0,88938
C1049,Olivia Miller,50.0,166070.0,401887
C1050,George Davis,45.0,149752.0,272936
C1051,Anna Clark,63.0,168417.0,474187
C1052,Paul Wilson,35.0,163475.0,77962
C1053,David Anderson,67.0,113163.0,706782
C1054,Linda Taylor,36.0,50527.0,621169
C1055,Anna Johnson,36.0,84728.0,186317
C1056,Olivia Johnson,32.0,171697.0,334060
C1057,David Thompson,51.0,33150.0,821167
C1058,Anna Miller,19.0,189706.0,379349
C1059,Linda Davis,51.0,137591.0,101609
C1060,Sarah Lewis,25.0,61111.0,800904
C1061,Michael Thomas,23.0,142215.0,428116
C1062,Mark Brown,69.0,141461.0,240391
C1063,Brian Smith,54.0,108042.0,434896
C1064,Brian Anderson,47.0,74536.0,474645
C1065,Kevin Smith,61.0,104420.0,771312
C1066,David Williams,20.0,62960.0,551688
C1067,Mark Thompson,37.0,177718.0,215065
C1068,Mark Lewis,23.0,136198.0,493072
C1069,Nancy Smith,43.0,78403.0,590823
C1070,Sarah Harris,62.0,142924.0,248768
C1071,Daniel Martinez,46.0,122337.0,979008
C1072,Olivia Lewis,25.0,38885.0,358457
C1073,Sarah Davis,19.0,69392.0,615601
C1074,John Thomas,39.0,169922.0,99399
C1075,Brian Martinez,43.0,94231.0,180983
C1076,Emily Clark,28.0,68389.0,969584
C1077,George Davis,29.0,65120.0,506386
C1078,Emily Wilson,48.0,193924.0,523839
C1079,Michael Harris,18.0,131723.0,377825
C1080,Nancy Taylor,34.0,109207.0,242996
C1081,John Smith,70.0,179618.0,175023
C1082,David Lewis,55.0,54500.0,922082
C1083,Laura Anderson,66.0,89329.0,887117
C1084,Sarah Taylor,40.0,164231.0,784508
C1085,Brian Smith,57.0,94339.0,767811
C1086,Paul Miller,32.0,160675.0,680895
C1087,Mark Martin,64.0,44531.0,484793
C1088,Olivia Martinez,30.0,57209.0,665135
C1089,Laura Thompson,29.0,162578.0,722723
C1090,Linda Anderson,20.0,190856.0,750262
C1091,Nancy Anderson,47.0,90561.0,256065
C1092,Olivia Anderson,50.0,38003.0,321569
C1093,Kevin Wilson,22.0,160091.0,920306
C1094,John Moore,33.0,71273.0,581056
C1095,Laura Smith,56.0,169809.0,428790
C1096,Sarah Miller,68.0,117688.0,75007
C1097,George Clark,22.0,30472.0,993816
C1098,Nancy Taylor,28.0,151723.0,198768
C1099,Michael Thompson,31.0,47433.0,252847
C1100,David White,70.0,71431.0,501092
C1101,Paul Martinez,39.0,170240.0,957004
C1102,George Miller,29.0,75230.0,919962
C1103,Unknown,36.0,115070.0,110100
C1104,Mark Martin,43.0,37500.0,442175
C1105,Paul Thompson,32.0,36974.0,342809
C1106,Michael Smith,61.0,31059.0,652906
C1107,Daniel Lewis,60.0,138903.0,45190
C1108,George Lewis,52.0,99316.0,540365
C1109,James Brown,23.0,72893.0,404077
C1110,David Wilson,21.0,78214.0,188362
C1111,George Thompson,35.0,68137.0,545768
C1112,Sophia Garcia,22.0,61039.0,160274
C1113,Linda Williams,42.0,37600.0,621505
C1114,Paul Anderson,61.0,136644.0,27264
C1115,George Thompson,66.0,110254.0,849426
C1116,Anna Davis,39.0,77058.0,854857
C1117,Brian Clark,43.0,128968.0,702598
C1118,Olivia Thomas,26.0,80909.0,911835
C1119,John Anderson,62.0,182586.0,699466
C1120,Mark Smith,26.0,145672.0,459961
C1121,Emily Davis,57.0,32529.0,282199
C1122,Robert Jackson,27.0,127213.0,759104
C1123,Emily Lewis,61.0,89399.0,720052
C1124,Sophia Brown,68.0,51714.0,628910
C1125,Olivia Taylor,65.0,182986.0,321906
C1126,George Anderson,20.0,173396.0,837406
C1127,Mark Moore,56.0,112424.0,316765
C1128,Anna Moore,66.0,179067.0,2556
C1129,Nancy Moore,66.0,171462.0,784308
C1130,Chris Martin,70.0,0.0,77941
C1131,Paul Martin,58.0,116669.0,898288
C1132,David Anderson,41.0,147489.0,202198
C1133,Kevin Thomas,49.0,157503.0,82034
C1134,George Lewis,66.0,125932.0,827926
C1135,James Johnson,70.0,45588.0,156324
C1136,Daniel Smith,69.0,83282.0,289392
C1137,James Thompson,18.0,120710.0,132350
C1138,Olivia Thomas,62.0,41188.0,411012
C1139,Chris Harris,19.0,165962.0,166163
C1140,Michael Wilson,41.0,72415.0,671184
C1141,Brian Thompson,36.0,140820.0,672688
C1142,George Garcia,31.0,78417.0,736707
C1143,Daniel Johnson,45.0,193853.0,351313
C1144,Sarah Smith,44.0,72996.0,987589
C1145,Anna Thomas,64.0,158506.0,491559
C1146,Nancy White,49.0,172658.0,600590
C1147,James Clark,41.0,145511.0,216914
C1148,George Smith,66.0,44549.0,550148
C1149,George Martinez,68.0,99306.0,626815
C1150,James Brown,31.0,115515.0,465902
C1151,Emily Thompson,33.0,89405.0,562555
C1152,Sophia Harris,44.0,117416.0,661592
C1153,Brian Williams,39.0,85542.0,118852
C1154,Linda Martinez,60.0,-10000.0,966440
C1155,Anna Johnson,67.0,78807.0,855716
C1156,Nancy Thomas,23.0,173404.0,691518
C1157,Sophia Jackson,48.0,98355.0,270889
C1158,Kevin Miller,25.0,124944.0,205714
C1159,Brian Smith,39.0,32634.0,234283
C1160,George Wilson,39.0,109087.0,809881
C1161,Kevin Smith,65.0,113433.0,328785
C1162,Nancy Miller,41.0,182993.0,151335
C1163,George Lewis,38.0,44234.0,452756
C1164,Sophia Brown,49.0,189155.0,424519
C1165,Sophia Moore,21.0,115311.0,560407
C1166,Mark Martinez,21.0,128324.0,12812
C1167,Mark Taylor,56.0,98051.0,849187
C1168,Olivia Martin,19.0,181435.0,469855
C1169,Paul Martinez,63.0,180791.0,971932
C1170,Michael Wilson,56.0,59467.0,962844
C1171,James Smith,43.0,82689.0,879156
C1172,Chris Anderson,34.0,156188.0,490884
C1173,Daniel Harris,43.0,139188.0,755814
C1174,John Anderson,51.0,111870.0,162393
C1175,Sarah Martin,43.0,151228.0,10516
C1176,George Thomas,41.0,185687.0,892633
C1177,Linda Miller,51.0,93444.0,143054
C1178,Robert Johnson,57.0,40883.0,552418
C1179,Sophia Harris,54.0,92258.0,720326
C1180,Daniel Thomas,68.0,157842.0,836218
C1181,George Williams,55.0,199376.0,997538
C1182,George Wilson,40.0,193227.0,917662
C1183,Robert Thomas,27.0,89252.0,619859
C1184,Chris Martinez,31.0,73928.0,989365
C1185,Sarah Taylor,62.0,130619.0,160284
C1186,Brian Moore,30.0,53775.0,97846
C1187,David Miller,32.0,47346.0,841437
C1188,Linda Anderson,70.0,177140.0,657664
C1189,David Smith,31.0,121515.0,985740
C1190,Brian Jackson,53.0,139298.0,962160
C1191,Linda Lewis,38.0,94845.0,557103
C1192,George Thompson,33.0,43976.0,159297
C1193,Paul Garcia,27.0,47124.0,965664
C1194,Emily White,54.0,37427.0,518345
C1195,Nancy Taylor,31.0,152835.0,308804
C1196,Emily Harris,45.0,114135.0,304832
C1197,Emily Davis,54.0,88833.0,696932
C1198,Linda Martin,51.0,73151.0,899080
C1199,George Brown,59.0,133802.0,864183
C1200,Daniel Brown,65.0,47499.0,593532
C1201,James Jackson,58.0,92468.0,63534
C1202,Sarah Martin,36.0,74861.0,652302
C1203,Linda Williams,53.0,50708.0,595290
C1204,Kevin Martinez,64.0,188222.0,993485
C1205,Brian White,60.0,,743323
C1206,Kevin Miller,47.0,102809.0,125167
C1207,Daniel Williams,44.0,44621.0,551265
C1208,Linda Moore,64.0,125440.0,21036
C1209,Chris Miller,31.0,156692.0,305766
C1210,Brian Miller,18.0,196319.0,92187
C1211,Anna Wilson,40.0,94129.0,535735
C1212,Emily Jackson,69.0,89792.0,413499
C1213,Nancy Thomas,64.0,181076.0,545383
C1214,Linda Williams,29.0,150467.0,9768
C1215,Sophia Davis,54.0,52131.0,712275
C1216,Daniel Smith,48.0,194902.0,553900
C1217,Sophia White,41.0,172037.0,946867
C1218,Sarah Williams,44.0,68831.0,918044
C1219,George Johnson,23.0,108313.0,126744
C1220,Paul Wilson,22.0,33660.0,458686
C1221,Nancy Lewis,69.0,97260.0,443123
C1222,Emily White,61.0,63481.0,834322
C1223,Brian Smith,28.0,195865.0,831735
C1224,Brian Williams,32.0,139740.0,185853
C1225,David Clark,47.0,62827.0,531893
C1226,Kevin Garcia,22.0,55233.0,670544
C1227,Chris Martinez,38.0,127149.0,294004
C1228,Olivia Johnson,-5.0,51992.0,747096
C1229,George Lewis,58.0,166166.0,758094
C1230,Robert Thompson,40.0,179757.0,621603
C1231,James Moore,36.0,176940.0,367100
C1232,Emily Jackson,40.0,114098.0,336654
C1233,Linda Brown,48.0,199732.0,778430
C1234,Anna Johnson,63.0,57495.0,614069
C1235,Emily Clark,35.0,57957.0,383422
C1236,George Miller,37.0,174904.0,550073
C1237,David Williams,64.0,48672.0,702299
C1238,Michael Garcia,21.0,127757.0,215773
C1239,Sophia Martinez,38.0,198345.0,425129
C1240,Paul Jackson,34.0,195674.0,659749
C1241,Chris Lewis,64.0,73338.0,610121
C1242,Chris Moore,60.0,193336.0,188418
C1243,Olivia Lewis,49.0,32060.0,884015
C1244,Daniel Brown,70.0,157603.0,730960
C1245,Chris Moore,34.0,195605.0,823608
C1246,Chris Smith,49.0,53738.0,94832
C1247,Laura Jackson,49.0,80498.0,925586
C1248,Mark Thompson,29.0,62868.0,502448
C1249,Sarah Lewis,56.0,77714.0,119799
C1250,Brian Williams,43.0,136911.0,845333
C1251,George Clark,64.0,102692.0,18443
C1252,Brian Taylor,51.0,173180.0,357043
C1253,Paul Smith,68.0,154959.0,894826
C1254,Robert Miller,63.0,30056.0,255063
C1255,George Moore,66.0,189187.0,936372
C1256,Chris Wilson,44.0,120309.0,682632
C1257,Kevin Clark,67.0,182708.0,340742
C1258,Linda Harris,49.0,138562.0,765080
C1259,Brian White,47.0,145232.0,785781
C1260,Sarah Lewis,33.0,140758.0,621344
C1261,Mark Williams,55.0,52356.0,245709
C1262,Laura Martin,21.0,142564.0,40812
C1263,Robert Davis,60.0,189007.0,778539
C1264,Sarah Jackson,43.0,140278.0,656749
C1265,Sophia Clark,64.0,82157.0,824816
C1266,Mark Davis,19.0,74311.0,869667
C1267,Paul Smith,34.0,160144.0,154216
C1268,Michael Lewis,65.0,193962.0,923420
C1269,Chris Jackson,44.0,32752.0,114860
C1270,Brian Anderson,53.0,184129.0,536302
C1271,John Jackson,51.0,-10000.0,321585
C1272,Anna Thompson,24.0,106385.0,598743
C1273,Robert Thomas,62.0,49906.0,739508
C1274,John Lewis,54.0,101004.0,312590
C1275,Sarah Johnson,26.0,68334.0,444574
C1276,Kevin Moore,22.0,144384.0,219996
C1277,Chris Jackson,42.0,162266.0,955107
C1278,John Miller,44.0,57850.0,843618
C1279,David Smith,21.0,136353.0,364236
C1280,Brian Lewis,61.0,182229.0,599924
C1281,Anna Thomas,55.0,-10000.0,803173
C1282,Emily Brown,69.0,56650.0,42915
C1283,Linda White,28.0,75695.0,794996
C1284,Chris Johnson,67.0,70563.0,897488
C1285,Daniel Brown,23.0,196588.0,540255
C1286,John Johnson,62.0,34409.0,797270
C1287,George Smith,25.0,49286.0,148061
C1288,Olivia Anderson,21.0,138303.0,413436
C1289,John Taylor,60.0,96917.0,60499
C1290,Anna Wilson,63.0,128381.0,28236
C1291,Brian Miller,22.0,65914.0,44071
C1292,Anna Martin,47.0,107492.0,319749
C1293,Olivia Williams,56.0,89721.0,620012
C1294,Daniel Clark,38.0,185842.0,463161
C1295,Daniel Wilson,51.0,103440.0,491035
C1296,Robert Clark,19.0,191517.0,12222
C1297,Brian Clark,46.0,81562.0,731538
C1298,Mark Lewis,31.0,114743.0,577298
C1299,Olivia Moore,27.0,125735.0,983956
C1300,Paul Thompson,42.0,133252.0,855783
C1301,Brian Moore,33.0,173583.0,760648
C1302,Linda Jackson,47.0,43025.0,917740
C1303,Olivia Brown,39.0,177385.0,472831
C1304,Olivia Martinez,55.0,165574.0,314808
C1305,Michael Williams,60.0,119515.0,426887
C1306,Mark Garcia,66.0,174965.0,901113
C1307,John Thomas,25.0,139208.0,556452
C1308,Robert White,62.0,117939.0,858249
C1309,Kevin White,42.0,142917.0,737215
C1310,Mark Brown,49.0,141619.0,486240
C1311,David White,66.0,105225.0,408209
C1312,Nancy Johnson,52.0,46847.0,360116
C1313,Brian Clark,50.0,163936.0,989004
C1314,Kevin Davis,25.0,66246.0,334665
C1315,Michael Garcia,33.0,57886.0,795535
C1316,Kevin Garcia,25.0,-10000.0,806266
C1317,Olivia Thompson,22.0,196971.0,645715
C1318,George Smith,22.0,59098.0,300674
C1319,David Anderson,18.0,79340.0,450260
C1320,Brian Davis,65.0,133939.0,399761
C1321,John Miller,22.0,157491.0,396091
C1322,Olivia Miller,62.0,34928.0,387764
C1323,Emily White,64.0,102696.0,230993
C1324,Emily Jackson,60.0,148443.0,31477
C1325,John Martinez,33.0,182308.0,375923
C1326,Sarah Martin,54.0,106811.0,992855
C1327,David Davis,59.0,186716.0,339897
C1328,Laura Williams,68.0,147002.0,483649
C1329,Olivia Thomas,57.0,156628.0,558882
C1330,George Anderson,20.0,150263.0,375777
C1331,Emily Brown,18.0,55816.0,832513
C1332,Sarah Brown,34.0,140462.0,924639
C1333,George Moore,,163533.0,116276
C1334,Michael Lewis,27.0,75712.0,380219
C1335,John Thomas,70.0,72967.0,619824
C1336,Brian Moore,19.0,40599.0,318822
C1337,Brian Miller,27.0,101049.0,658771
C1338,James Martinez,46.0,68596.0,488943
C1339,George Johnson,49.0,81552.0,272733
C1340,Paul Taylor,65.0,130485.0,709980
C1341,Olivia Thompson,63.0,172592.0,747876
C1342,Anna Martinez,34.0,126277.0,440854
C1343,David Jackson,23.0,191802.0,193203
C1344,Robert Brown,54.0,56568.0,314517
C1345,Chris Williams,43.0,32045.0,839990
C1346,Robert Brown,36.0,163058.0,166768
C1347,Olivia Smith,63.0,142144.0,316509
C1348,Michael Moore,48.0,181988.0,69822
C1349,,43.0,-10000.0,629182
C1350,Emily Thomas,24.0,162746.0,656057
C1351,Unknown,18.0,67670.0,725049
C1352,Brian Martinez,54.0,32309.0,279395
C1353,Daniel Garcia,43.0,147750.0,163245
C1354,Laura Harris,59.0,120758.0,829950
C1355,Sarah Davis,36.0,174485.0,80661
C1356,Nancy Martin,52.0,94070.0,955686
C1357,Daniel Lewis,29.0,104443.0,872092
C1358,Nancy Jackson,44.0,37654.0,30086
C1359,Sophia Lewis,69.0,103420.0,845634
C1360,Michael Anderson,38.0,182645.0,85999
C1361,Laura Jackson,69.0,185229.0,293632
C1362,Nancy Garcia,61.0,187819.0,130336
C1363,Anna Wilson,67.0,70501.0,677839
C1364,Paul Williams,38.0,49390.0,65544
C1365,Emily Garcia,34.0,119737.0,659180
C1366,James Thompson,45.0,74481.0,542965
C1367,David Williams,46.0,108038.0,168453
C1368,Sophia Jackson,19.0,190263.0,807107
C1369,Paul Martin,33.0,170670.0,829584
C1370,Laura Smith,20.0,43010.0,582951
C1371,Brian Miller,59.0,132373.0,495687
C1372,Paul Taylor,30.0,190346.0,640892
C1373,James Martin,18.0,108697.0,468421
C1374,Emily Thompson,20.0,59022.0,126059
C1375,Daniel Martinez,20.0,195428.0,76098
C1376,Kevin Lewis,26.0,122923.0,478112
C1377,Paul Smith,19.0,73788.0,863388
C1378,Daniel Moore,58.0,115203.0,599688
C1379,Michael Moore,55.0,168408.0,533630
C1380,Michael Davis,43.0,95097.0,278680
C1381,George Thompson,67.0,164881.0,372583
C1382,Michael Brown,24.0,48099.0,35610
C1383,Kevin Clark,48.0,138518.0,443699
C1384,Robert Martinez,38.0,183788.0,355212
C1385,Mark Lewis,42.0,146848.0,162402
C1386,Sarah Martinez,41.0,70660.0,678873
C1387,Anna Miller,28.0,63166.0,469997
C1388,Olivia Thompson,65.0,112224.0,222049
C1389,John Brown,25.0,93156.0,780561
C1390,Kevin Clark,33.0,63259.0,625154
C1391,Mark Johnson,58.0,65927.0,778388
C1392,Olivia Johnson,51.0,80337.0,403375
C1393,Anna Smith,45.0,35596.0,983956
C1394,Sophia Taylor,68.0,183687.0,111501
C1395,Olivia Garcia,51.0,90401.0,636799
C1396,John Thompson,61.0,75837.0,536851
C1397,Brian Williams,26.0,84096.0,504286
C1398,Anna White,53.0,76797.0,857535
C1399,John Smith,44.0,164381.0,39824
C1400,Chris Moore,21.0,166915.0,745008
C1401,Sophia White,70.0,92785.0,53413
C1402,Michael Anderson,20.0,138582.0,182034
C1403,David Wilson,27.0,103546.0,63399
C1404,Paul Martinez,36.0,160301.0,786301
C1405,David Davis,61.0,187385.0,719848
C1406,Olivia Harris,53.0,161315.0,891592
C1407,Mark Anderson,43.0,133458.0,697724
C1408,Linda Davis,53.0,198686.0,387785
C1409,Laura Lewis,35.0,177284.0,228559
C1410,Sophia Davis,37.0,32469.0,419327
C1411,Sophia Thomas,50.0,78705.0,809635
C1412,Kevin White,58.0,85487.0,478718
C1413,Nancy Garcia,28.0,66037.0,588841
C1414,Nancy Anderson,70.0,71452.0,223365
C1415,George Wilson,65.0,49818.0,625881
C1416,George Martin,38.0,88880.0,659684
C1417,Nancy Clark,46.0,181867.0,751928
C1418,Robert Miller,64.0,41652.0,254266
C1419,James Garcia,61.0,70540.0,953746
C1420,Daniel Jackson,55.0,146127.0,946791
C1421,Robert Clark,27.0,161458.0,794534
C1422,Olivia Taylor,51.0,108710.0,809590
C1423,David Lewis,25.0,184962.0,111060
C1424,Paul Taylor,30.0,40575.0,743176
C1425,Michael Thomas,42.0,186788.0,661143
C1426,Nancy Clark,24.0,43732.0,934266
C1427,Brian Harris,38.0,89722.0,28717
C1428,David Garcia,30.0,190040.0,835548
C1429,Brian Taylor,38.0,133771.0,117994
C1430,Anna Anderson,59.0,198333.0,895156
C1431,Laura Lewis,23.0,33512.0,250702
C1432,Sarah Brown,59.0,144334.0,285505
C1433,Robert Thomas,60.0,91975.0,347073
C1434,Robert Thomas,57.0,116998.0,910299
C1435,George Johnson,42.0,182854.0,436529
C1436,Sarah Clark,42.0,85951.0,109747
C1437,Robert Johnson,64.0,59010.0,263852
C1438,Daniel Lewis,63.0,156395.0,575891
C1439,Michael Clark,59.0,129579.0,311491
C1440,Chris Thomas,65.0,83934.0,108627
C1441,James Thompson,65.0,121321.0,339312
C1442,Emily Jackson,30.0,134864.0,855151
C1443,Emily Wilson,41.0,65617.0,696561
C1444,Laura Clark,50.0,121801.0,279248
C1445,Nancy Jackson,30.0,123149.0,774373
C1446,Paul Taylor,49.0,60054.0,332401
C1447,Daniel Thomas,62.0,116685.0,822479
C1448,Robert Garcia,60.0,43774.0,883793
C1449,Olivia Clark,28.0,46276.0,86089
C1450,Daniel Anderson,42.0,123031.0,721121
C1451,Anna Garcia,23.0,116734.0,139833
C1452,Anna Martin,51.0,51635.0,388784
C1453,Olivia Taylor,53.0,54360.0,737946
C1454,Mark Martin,68.0,101197.0,359190
C1455,Kevin Martin,64.0,149475.0,354492
C1456,Sophia Johnson,46.0,116874.0,756883
C1457,Kevin Lewis,50.0,110819.0,62106
C1458,Chris Martinez,56.0,88048.0,319783
C1459,Mark Smith,36.0,137380.0,793990
C1460,Daniel Thomas,26.0,142102.0,167280
C1461,Sarah Moore,39.0,78780.0,327498
C1462,Daniel Martin,55.0,130126.0,646684
C1463,Olivia Garcia,62.0,66817.0,971465
C1464,Laura Taylor,-5.0,75632.0,608072
C1465,Laura White,62.0,96174.0,492612
C1466,Emily Thomas,27.0,37169.0,244499
C1467,Emily Martin,53.0,42240.0,567404
C1468,Brian Moore,26.0,56859.0,687813
C1469,Nancy Jackson,56.0,42361.0,398434
C1470,David Garcia,57.0,131197.0,119594
C1471,John Thomas,50.0,139662.0,96291
C1472,Mark Martinez,26.0,86417.0,253526
C1473,Nancy Martinez,34.0,77135.0,801513
C1474,Mark Jackson,37.0,104936.0,828822
C1475,Chris Williams,19.0,44953.0,292017
C1476,Emily Miller,43.0,117367.0,925043
C1477,Brian White,58.0,58176.0,204872
C1478,Sarah Taylor,53.0,72764.0,186419
C1479,Daniel Miller,47.0,146445.0,557315
C1480,John Williams,56.0,43113.0,880783
C1481,Daniel Moore,63.0,170451.0,191712
C1482,Robert Johnson,56.0,114148.0,523808
C1483,Chris Wilson,18.0,156515.0,962794
C1484,Sophia Thompson,38.0,110284.0,61763
C1485,James Davis,69.0,30808.0,415118
C1486,David Brown,23.0,81525.0,297518
C1487,Mark Martinez,18.0,138876.0,925345
C1488,Linda Davis,30.0,52261.0,33802
C1489,Sophia Williams,28.0,124934.0,757168
C1490,Brian Thompson,39.0,146715.0,815269
C1491,Sarah Davis,61.0,92078.0,993329
C1492,Daniel Harris,22.0,43890.0,54240
C1493,Kevin Lewis,30.0,63257.0,672540
C1494,Anna Lewis,39.0,185522.0,40844
C1495,Anna Wilson,21.0,193928.0,26153
C1496,Robert White,60.0,196261.0,108379
C1497,Brian Harris,68.0,120906.0,642937
C1498,Mark Martinez,46.0,115599.0,157349
C1499,Daniel Davis,29.0,64420.0,739927
C1500,Emily Anderson,21.0,127706.0,420649
C1501,Linda Lewis,59.0,191241.0,-2343
C1502,Mark Jackson,68.0,170953.0,919597
C1503,Brian Harris,49.0,122324.0,883016
C1504,Kevin Smith,61.0,65091.0,232595
C1505,Robert Garcia,35.0,45784.0,527880
C1506,James Wilson,65.0,54601.0,268958
C1507,David Martin,64.0,154058.0,112317
C1508,Kevin Thomas,31.0,99012.0,317291
C1509,Sophia Miller,32.0,195427.0,801917
C1510,Kevin Garcia,55.0,179462.0,221294
C1511,Laura Garcia,39.0,110887.0,972007
C1512,Mark Thomas,64.0,172648.0,937665
C1513,Paul Moore,26.0,199982.0,331244
C1514,Sophia Thompson,61.0,190524.0,126385
C1515,John Williams,32.0,195407.0,860382
C1516,George Thomas,30.0,71776.0,975733
C1517,Laura Martin,34.0,56938.0,177779
C1518,David Harris,37.0,155435.0,31158
C1519,Linda Jackson,33.0,123848.0,521834
C1520,James Williams,43.0,127128.0,65253
C1521,Laura Smith,31.0,30432.0,631530
C1522,George Lewis,37.0,37293.0,102947
C1523,David Lewis,69.0,105556.0,198909
C1524,John Jackson,26.0,43509.0,248697
C1525,Sophia Taylor,40.0,123488.0,525388
C1526,Linda Davis,43.0,30412.0,299612
C1527,John Martin,28.0,49516.0,940552
C1528,James Moore,48.0,105386.0,427137
C1529,Linda Davis,56.0,98037.0,213176
C1530,Nancy Harris,69.0,79656.0,381820
C1531,Chris Smith,37.0,128084.0,107243
C1532,George Garcia,44.0,135596.0,323654
C1533,Brian Taylor,22.0,67653.0,530369
C1534,John Jackson,53.0,173063.0,591160
C1535,Laura Moore,54.0,82262.0,442257
C1536,Olivia Moore,66.0,72522.0,790955
C1537,Nancy Martin,60.0,147061.0,673698
C1538,Mark Harris,40.0,120021.0,549233
C1539,Linda Garcia,32.0,186741.0,369766
C1540,John Lewis,68.0,52270.0,475585
C1541,Kevin Miller,35.0,156340.0,303212
C1542,Daniel Williams,48.0,117553.0,496505
C1543,Nancy Clark,70.0,111056.0,70085
C1544,Olivia Jackson,34.0,105287.0,217941
C1545,David Smith,25.0,199366.0,346617
C1546,Anna Clark,26.0,39095.0,462327
C1547,John Clark,67.0,164424.0,52639
C1548,Linda Johnson,27.0,56370.0,403694
C1549,John Johnson,64.0,194454.0,800349
C1550,Emily Martin,28.0,99526.0,955905
C1551,Emily Martinez,65.0,65715.0,327723
C1552,Brian Garcia,50.0,183499.0,8403
C1553,Emily Brown,,156784.0,570595
C1554,Daniel Harris,45.0,35913.0,122867
C1555,Sophia Anderson,36.0,115172.0,773902
C1556,Anna Davis,49.0,166452.0,414359
C1557,Anna Lewis,69.0,55054.0,873485
C1558,Anna Lewis,68.0,123319.0,143196
C1559,Anna Clark,70.0,93508.0,845335
C1560,Chris Garcia,30.0,152538.0,405540
C1561,John Garcia,61.0,130550.0,506970
C1562,Mark Johnson,50.0,59470.0,52364
C1563,John Martin,37.0,124402.0,97532
C1564,Michael Clark,39.0,164343.0,792747
C1565,Anna Wilson,43.0,185461.0,465369
C1566,Olivia Davis,22.0,140272.0,135954
C1567,Chris Harris,70.0,71145.0,890082
C1568,Linda Martin,63.0,72733.0,964137
C1569,Sarah Miller,67.0,197457.0,592034
C1570,Sarah Wilson,64.0,138104.0,656742
C1571,Sarah Davis,57.0,51659.0,937953
C1572,,29.0,178596.0,-471
C1573,Emily Martin,55.0,117088.0,593483
C1574,Anna Brown,66.0,171779.0,110508
C1575,Kevin Lewis,21.0,63725.0,20184
C1576,Michael Wilson,63.0,189122.0,309889
C1577,David Williams,24.0,139739.0,917833
C1578,George White,46.0,138704.0,226315
C1579,Sophia Moore,53.0,86318.0,245358
C1580,Linda Smith,49.0,147111.0,579472
C1581,George Thomas,55.0,137915.0,356156
C1582,Kevin Johnson,27.0,162481.0,320847
C1583,John Jackson,58.0,172758.0,25043
C1584,Kevin Anderson,49.0,60126.0,3405
C1585,David Davis,34.0,98629.0,95986
C1586,Daniel Taylor,64.0,96466.0,856594
C1587,Laura Wilson,29.0,129086.0,547985
C1588,Paul Smith,49.0,188016.0,34410
C1589,Olivia Miller,60.0,199303.0,598425
C1590,Sophia Brown,46.0,183013.0,723320
C1591,Brian Smith,48.0,126602.0,743087
C1592,James Johnson,68.0,86094.0,96101
C1593,Laura Miller,31.0,126686.0,700165
C1594,John Smith,62.0,151415.0,668363
C1595,Kevin Thomas,70.0,98357.0,34345
C1596,Sophia Thomas,23.0,185133.0,281289
C1597,Chris White,63.0,134391.0,215801
C1598,Laura Moore,41.0,127604.0,301410
C1599,Laura Anderson,28.0,145552.0,96562
C1600,Sarah Martin,59.0,146100.0,677190
C1601,Olivia Clark,150.0,147610.0,971867
C1602,Brian Smith,36.0,138845.0,676677
C1603,Olivia Davis,28.0,108751.0,867973
C1604,Emily Harris,45.0,108255.0,428330
C1605,Paul Thompson,28.0,145793.0,718389
C1606,Paul Thompson,40.0,116294.0,945961
C1607,Olivia Davis,52.0,156090.0,53121
C1608,Laura Thomas,56.0,199933.0,54969
C1609,Daniel Smith,23.0,142990.0,729286
C1610,Linda Martinez,21.0,135361.0,371687
C1611,Mark Moore,41.0,109432.0,884276
C1612,Nancy Johnson,23.0,178358.0,710382
C1613,George Miller,20.0,125808.0,826207
C1614,Kevin Anderson,64.0,138011.0,702433
C1615,James Johnson,65.0,93020.0,156992
C1616,Olivia Thompson,25.0,41760.0,352212
C1617,Sophia Brown,62.0,80890.0,842293
C1618,Sophia Williams,23.0,130429.0,363063
C1619,Mark White,64.0,175262.0,123132
C1620,Kevin Anderson,55.0,170600.0,283459
C1621,Linda Anderson,57.0,159544.0,12299
C1622,Nancy Thomas,41.0,163293.0,619420
C1623,Linda Martinez,67.0,138450.0,744196
C1624,Olivia Martinez,52.0,109629.0,971013
C1625,Robert Martinez,40.0,134335.0,121611
C1626,,29.0,35339.0,974893
C1627,Daniel Thomas,36.0,188374.0,322730
C1628,David Thompson,18.0,103238.0,526065
C1629,Daniel Davis,40.0,102593.0,168207
C1630,Kevin Brown,55.0,79763.0,271334
C1631,Chris Thomas,60.0,151318.0,88178
C1632,Sophia Martinez,50.0,73337.0,637105
C1633,Linda Davis,28.0,136168.0,823080
C1634,Unknown,66.0,183984.0,103282
C1635,Paul Martinez,69.0,53159.0,590769
C1636,Anna Martinez,53.0,67571.0,698158
C1637,Chris Miller,52.0,97748.0,854605
C1638,Linda White,29.0,176281.0,125129
C1639,Sarah Taylor,37.0,30490.0,581548
C1640,James Smith,70.0,182369.0,123618
C1641,George Jackson,,113199.0,498014
C1642,Brian Moore,62.0,118626.0,993167
C1643,Emily Miller,39.0,116209.0,857894
C1644,Linda Lewis,68.0,71030.0,913035
C1645,David White,44.0,151586.0,713339
C1646,Mark White,21.0,193585.0,852429
C1647,Chris Martinez,41.0,73829.0,450143
C1648,Michael Smith,24.0,107437.0,996532
C1649,Chris Anderson,36.0,143125.0,564606
C1650,Linda Anderson,65.0,175081.0,436477
C1651,Robert Lewis,45.0,121834.0,31526
C1652,Olivia Thomas,49.0,49547.0,94943
C1653,Daniel Martin,59.0,0.0,450446
C1654,Linda Moore,57.0,108793.0,815414
C1655,David Davis,54.0,107151.0,352417
C1656,David Johnson,67.0,84239.0,312814
C1657,Anna Davis,22.0,50662.0,146486
C1658,Anna Lewis,50.0,0.0,576110
C1659,Sarah Smith,50.0,45810.0,505358
C1660,Olivia Martinez,70.0,180795.0,566455
C1661,Olivia Miller,58.0,137388.0,708647
C1662,David Anderson,59.0,143413.0,597984
C1663,Sophia Garcia,34.0,50147.0,277770
C1664,George Harris,56.0,136919.0,894008
C1665,David Miller,51.0,59210.0,385338
C1666,Anna Martinez,44.0,126960.0,423427
C1667,Paul Wilson,68.0,65490.0,98341
C1668,George Wilson,61.0,108007.0,751458
C1669,Paul Brown,36.0,119882.0,100338
C1670,Sophia Williams,67.0,177804.0,660430
C1671,,41.0,72316.0,435369
C1672,Daniel Jackson,67.0,171534.0,903493
C1673,Kevin Brown,61.0,39812.0,40889
C1674,Anna Thomas,21.0,180325.0,989077
C1675,Sophia Martinez,36.0,90663.0,376393
C1676,John Johnson,61.0,143438.0,273858
C1677,Anna Clark,46.0,55287.0,836748
C1678,Sarah Lewis,29.0,150115.0,253330
C1679,Daniel Jackson,54.0,72812.0,416680
C1680,Robert Brown,45.0,65601.0,728083
C1681,Brian Anderson,24.0,30603.0,355118
C1682,Sarah Thomas,42.0,163299.0,522905
C1683,John Anderson,60.0,128714.0,216936
C1684,Daniel Smith,59.0,81304.0,650580
C1685,George Clark,20.0,32171.0,4782
C1686,,70.0,152270.0,878195
C1687,Kevin Davis,29.0,164504.0,814844
C1688,Linda Miller,65.0,190505.0,208141
C1689,Kevin Taylor,36.0,48552.0,529489
C1690,Chris Moore,63.0,84893.0,896318
C1691,Chris White,30.0,139864.0,582219
C1692,Brian Harris,59.0,170982.0,888243
C1693,George Lewis,64.0,111179.0,708171
C1694,John Garcia,24.0,49939.0,597769
C1695,Sarah Garcia,43.0,151686.0,963215
C1696,George Jackson,25.0,173872.0,170449
C1697,Olivia Thompson,24.0,55717.0,960238
C1698,James Miller,35.0,138076.0,451999
C1699,Brian Martinez,28.0,114291.0,774896
C1700,Sophia Johnson,19.0,35757.0,110198
C1701,Brian Johnson,39.0,39275.0,957607
C1702,Brian Anderson,54.0,134466.0,201628
C1703,James Martinez,53.0,133155.0,552451
C1704,David Wilson,70.0,38289.0,434568
C1705,Daniel Miller,,142137.0,545626
C1706,Linda Garcia,18.0,46398.0,755764
C1707,Kevin Taylor,56.0,99327.0,271784
C1708,Paul White,41.0,195158.0,320510
C1709,Paul Smith,57.0,122788.0,241293
C1710,David Miller,33.0,168930.0,165220
C1711,Nancy White,21.0,82522.0,551549
C1712,James Davis,39.0,139349.0,489453
C1713,Mark Clark,41.0,69006.0,785564
C1714,Mark Garcia,42.0,62522.0,521049
C1715,Linda Martinez,22.0,157749.0,900079
C1716,Kevin Thompson,19.0,121107.0,119571
C1717,Sophia Jackson,51.0,140143.0,838586
C1718,Mark Lewis,56.0,113710.0,742548
C1719,George Miller,67.0,145631.0,753631
C1720,George Moore,65.0,51697.0,398265
C1721,Kevin Jackson,43.0,38673.0,860855
C1722,Michael Wilson,21.0,88524.0,70543
C1723,Michael Clark,25.0,188042.0,825914
C1724,Sophia Lewis,58.0,109206.0,614365
C1725,David Brown,25.0,113566.0,927143
C1726,Chris Harris,47.0,76812.0,808430
C1727,Chris Clark,61.0,130339.0,933680
C1728,Olivia Taylor,63.0,152043.0,588322
C1729,Linda Clark,37.0,146870.0,215020
C1730,Chris Wilson,68.0,123575.0,501167
C1731,Laura Smith,39.0,99464.0,949989
C1732,George Martin,41.0,174951.0,90095
C1733,John Wilson,34.0,188301.0,71246
C1734,Laura Lewis,42.0,60979.0,555268
C1735,Emily Brown,,43539.0,539049
C1736,Michael Moore,42.0,169765.0,284549
C1737,James Anderson,64.0,181792.0,672016
C1738,George Garcia,43.0,35305.0,853692
C1739,Chris Martinez,42.0,41239.0,603075
C1740,Chris Harris,27.0,127658.0,717611
C1741,Michael Thomas,29.0,163061.0,365718
C1742,Mark Miller,20.0,160138.0,616806
C1743,James Clark,36.0,57147.0,684296
C1744,Anna Thompson,63.0,88663.0,284612
C1745,George Clark,27.0,193455.0,503537
C1746,Kevin Thompson,21.0,136522.0,80657
C1747,Daniel Smith,36.0,142476.0,275259
C1748,Paul Taylor,62.0,85412.0,296111
C1749,Daniel Wilson,44.0,152279.0,912496
C1750,Mark Martin,58.0,70867.0,383404
C1751,Michael Clark,33.0,143906.0,522954
C1752,Brian Thomas,68.0,128371.0,750268
C1753,Laura Wilson,56.0,56110.0,601456
C1754,Mark Martin,38.0,51528.0,421598
C1755,Daniel Johnson,52.0,51433.0,864174
C1756,Mark Williams,41.0,160173.0,64470
C1757,Laura Martinez,57.0,185182.0,770480
C1758,Sarah Garcia,65.0,172727.0,104339
C1759,Anna Taylor,61.0,197064.0,156306
C1760,George Moore,35.0,84023.0,745033
C1761,Linda Wilson,38.0,95452.0,307537
C1762,Michael Harris,48.0,103358.0,317940
C1763,Chris Lewis,32.0,73144.0,283213
C1764,Paul Wilson,20.0,151980.0,868485
C1765,Linda Smith,56.0,63595.0,310390
C1766,Emily Taylor,18.0,163230.0,389111
C1767,Chris Moore,67.0,164152.0,122267
C1768,Kevin Williams,21.0,62938.0,744882
C1769,Michael Thomas,37.0,69970.0,751538
C1770,Robert Thomas,54.0,104659.0,690348
C1771,Laura Williams,24.0,36121.0,460616
C1772,Paul Brown,18.0,37750.0,437634
C1773,Nancy Thompson,60.0,51401.0,971199
C1774,Linda Anderson,26.0,49452.0,558665
C1775,Brian Jackson,62.0,47604.0,115026
C1776,Anna Brown,41.0,34623.0,338759
C1777,James Thomas,22.0,98457.0,139820
C1778,Olivia Taylor,45.0,53197.0,853663
C1779,Mark Lewis,67.0,63109.0,567890
C1780,Sarah Johnson,56.0,87432.0,489665
C1781,George Garcia,60.0,195815.0,644254
C1782,Mark Garcia,65.0,127583.0,934338
C1783,Nancy Johnson,28.0,127558.0,302747
C1784,Chris Davis,27.0,61491.0,459881
C1785,Nancy Martinez,20.0,85429.0,898743
C1786,Daniel Jackson,70.0,63267.0,319068
C1787,Kevin Garcia,34.0,137697.0,178274
C1788,George Thompson,150.0,63683.0,759006
C1789,Michael Smith,-5.0,87011.0,755175
C1790,Sarah Brown,64.0,88456.0,474461
C1791,Sophia Wilson,32.0,190280.0,217799
C1792,David Thompson,20.0,155118.0,130798
C1793,James Garcia,28.0,104651.0,408774
C1794,George Miller,22.0,79887.0,47009
C1795,David Thomas,32.0,129242.0,788931
C1796,Nancy Anderson,60.0,195802.0,487419
C1797,Mark Martin,38.0,165488.0,368093
C1798,Brian Anderson,27.0,189562.0,475375
C1799,Daniel Lewis,51.0,141717.0,239571
C1800,Chris Anderson,49.0,73019.0,715835
C1801,Anna Taylor,41.0,184337.0,492422
C1802,Sarah Wilson,57.0,185011.0,706536
C1803,Emily Harris,41.0,89429.0,292777
C1804,Chris Garcia,50.0,139105.0,629888
C1805,Linda Martin,61.0,67346.0,736830
C1806,Kevin Davis,37.0,168495.0,998253
C1807,Nancy White,20.0,182688.0,930130
C1808,Kevin Smith,44.0,106594.0,7778
C1809,Olivia Thompson,26.0,140672.0,209214
C1810,Brian Smith,42.0,154824.0,277232
C1811,Sarah Martinez,18.0,197498.0,753029
C1812,Emily Moore,38.0,97876.0,606818
C1813,Sophia Williams,27.0,190129.0,952813
C1814,Robert Miller,38.0,34254.0,657772
C1815,Nancy Thompson,57.0,197552.0,486187
C1816,Mark Moore,68.0,86775.0,643643
C1817,George Lewis,60.0,88251.0,323667
C1818,Michael Johnson,18.0,97906.0,549071
C1819,Daniel Lewis,27.0,117294.0,668469
C1820,David Smith,57.0,171137.0,599186
C1821,Mark Brown,28.0,60080.0,704558
C1822,Mark Harris,35.0,132783.0,55077
C1823,Robert Garcia,25.0,,344488
C1824,Linda Anderson,45.0,54961.0,687530
C1825,Michael Taylor,45.0,127642.0,608783
C1826,Chris Taylor,50.0,104632.0,359578
C1827,Brian Martin,49.0,151239.0,172520
C1828,Mark Martinez,69.0,80537.0,546660
C1829,Sarah Martinez,36.0,168504.0,189565
C1830,Brian Williams,60.0,60557.0,886686
C1831,Daniel Thompson,25.0,123527.0,355876
C1832,George Smith,19.0,34797.0,644053
C1833,Robert Brown,62.0,113260.0,514381
C1834,Anna Williams,35.0,182733.0,482251
C1835,Michael Williams,39.0,146549.0,722320
C1836,Daniel Garcia,52.0,60537.0,640527
C1837,Robert Garcia,37.0,32561.0,573449
C1838,Nancy Taylor,41.0,119672.0,610150
C1839,John Thompson,63.0,118441.0,194988
C1840,Sophia Moore,68.0,196109.0,749765
C1841,George Jackson,-5.0,145556.0,774777
C1842,John Jackson,67.0,55697.0,403990
C1843,Kevin Smith,54.0,33680.0,419223
C1844,Linda Davis,59.0,101263.0,850557
C1845,Robert Miller,24.0,166743.0,351148
C1846,Sophia Taylor,50.0,177689.0,757466
C1847,Robert White,27.0,181397.0,921111
C1848,Mark Garcia,64.0,94733.0,970167
C1849,Sarah Harris,22.0,36465.0,389637
C1850,Nancy Lewis,43.0,85984.0,717956
C1851,Brian Moore,22.0,144604.0,92341
C1852,Robert Jackson,49.0,145915.0,712153
C1853,,21.0,166653.0,626200
C1854,David Lewis,52.0,129670.0,487887
C1855,Chris Thompson,30.0,182519.0,330769
C1856,Chris Taylor,34.0,194665.0,515401
C1857,Brian White,39.0,124887.0,193225
C1858,Daniel Taylor,53.0,31794.0,595718
C1859,James Thompson,54.0,73081.0,978567
C1860,James Martinez,53.0,158879.0,346987
C1861,Sophia Miller,22.0,153291.0,266948
C1862,Chris Harris,18.0,94890.0,226473
C1863,Chris Clark,65.0,50530.0,606768
C1864,George Johnson,32.0,33528.0,170823
C1865,Chris Thomas,28.0,71014.0,338021
C1866,John Martin,22.0,35767.0,157057
C1867,Emily Thompson,47.0,134257.0,65192
C1868,Robert Williams,43.0,165497.0,712883
C1869,Kevin Wilson,50.0,169109.0,329374
C1870,Daniel Williams,63.0,127378.0,786411
C1871,George Martinez,68.0,190192.0,526154
C1872,Emily Miller,24.0,56539.0,478877
C1873,Olivia Johnson,51.0,35423.0,877003
C1874,Unknown,62.0,95279.0,410954
C1875,Brian Thomas,56.0,78087.0,217588
C1876,George Jackson,58.0,198467.0,518870
C1877,Linda White,70.0,145405.0,200332
C1878,Sarah Davis,38.0,59812.0,815901
C1879,Anna Thomas,33.0,123698.0,757685
C1880,Laura Martin,42.0,167424.0,816307
C1881,Paul Garcia,55.0,189893.0,466141
C1882,Olivia Williams,44.0,147573.0,352931
C1883,Brian Martin,20.0,136878.0,331218
C1884,,65.0,154437.0,399882
C1885,Sophia White,50.0,95985.0,336056
C1886,Chris Clark,38.0,168302.0,772480
C1887,Mark Wilson,42.0,52609.0,461347
C1888,Daniel Davis,29.0,107447.0,292201
C1889,John Martin,33.0,146952.0,254646
C1890,David Martin,38.0,160777.0,411492
C1891,Sophia Brown,66.0,75589.0,793323
C1892,Brian Taylor,31.0,60411.0,690739
C1893,Sophia Wilson,38.0,144304.0,424771
C1894,Mark Martinez,70.0,120799.0,921446
C1895,Paul Johnson,42.0,131209.0,404031
C1896,Robert Miller,21.0,155756.0,114532
C1897,John Smith,38.0,33018.0,436449
C1898,Sarah Clark,56.0,83764.0,448820
C1899,Nancy Taylor,58.0,194832.0,345289
C1900,Daniel Martin,46.0,180982.0,902869
C1901,Laura Williams,18.0,111527.0,275568
C1902,Anna Taylor,66.0,135439.0,946988
C1903,Olivia Garcia,62.0,47188.0,749078
C1904,Olivia Lewis,65.0,178178.0,183922
C1905,Daniel Thompson,43.0,186569.0,311466
C1906,George Moore,59.0,94705.0,834124
C1907,Laura Davis,,148850.0,87587
C1908,Anna Thomas,69.0,92892.0,2436
C1909,George Lewis,62.0,48495.0,454511
C1910,Nancy Anderson,62.0,49114.0,847294
C1911,Anna Jackson,67.0,185447.0,635933
C1912,Nancy Davis,43.0,99098.0,285771
C1913,George Miller,60.0,128125.0,664625
C1914,Sarah Harris,56.0,96498.0,358689
C1915,Michael Taylor,150.0,106323.0,902627
C1916,Sarah Brown,45.0,49211.0,125208
C1917,Olivia Brown,45.0,187100.0,27511
C1918,David Thomas,33.0,116780.0,235429
C1919,Olivia Anderson,25.0,152653.0,989395
C1920,James Martinez,68.0,135272.0,881092
C1921,Laura White,28.0,99370.0,263959
C1922,David Johnson,38.0,82191.0,925951
C1923,Linda Martinez,25.0,129278.0,369254
C1924,Sophia Harris,19.0,187617.0,753359
C1925,David Johnson,66.0,110334.0,16107
C1926,Daniel Garcia,25.0,37707.0,555232
C1927,Sarah Martinez,49.0,60523.0,444667
C1928,David Thompson,36.0,67927.0,845964
C1929,Sophia Martin,41.0,170254.0,506588
C1930,Emily Clark,45.0,103056.0,815103
C1931,Nancy Thomas,59.0,158428.0,779865
C1932,George Taylor,60.0,125368.0,84843
C1933,Kevin Anderson,53.0,78385.0,532260
C1934,George Miller,23.0,110891.0,538117
C1935,Sophia Lewis,28.0,145857.0,843807
C1936,George Davis,53.0,184709.0,743917
C1937,Anna Anderson,51.0,75431.0,487568
C1938,Sarah Thompson,61.0,179963.0,116959
C1939,Linda Thomas,51.0,181165.0,657416
C1940,Paul Martinez,36.0,172279.0,691311
C1941,Michael Davis,60.0,129107.0,252172
C1942,Chris Harris,64.0,152831.0,360035
C1943,Sophia Anderson,23.0,115593.0,290924
C1944,John Smith,63.0,45189.0,342158
C1945,Sarah Wilson,64.0,182218.0,647019
C1946,Sophia Lewis,25.0,95223.0,550682
C1947,James Brown,36.0,136347.0,144056
C1948,John Thompson,52.0,190125.0,689963
C1949,Paul Williams,26.0,182870.0,305075
C1950,Daniel Moore,32.0,189953.0,352802
C1951,Linda Johnson,66.0,173556.0,463429
C1952,Linda Johnson,38.0,119077.0,650710
C1953,James Johnson,40.0,94179.0,468978
C1954,Kevin Anderson,49.0,176117.0,231623
C1955,David Smith,45.0,133586.0,458627
C1956,Olivia Harris,20.0,106559.0,763921
C1957,Emily Smith,59.0,84995.0,4127
C1958,Brian Smith,47.0,176120.0,276258
C1959,Chris Clark,38.0,186650.0,941450
C1960,Kevin Miller,27.0,66608.0,400877
C1961,Paul Moore,49.0,163353.0,709994
C1962,Daniel Miller,48.0,53440.0,752593
C1963,Nancy Thompson,20.0,196177.0,457722
C1964,Nancy Taylor,,96821.0,562994
C1965,Olivia Thompson,34.0,120438.0,404853
C1966,George White,47.0,60290.0,574624
C1967,David White,32.0,126984.0,617133
C1968,George Jackson,23.0,183454.0,248401
C1969,Olivia Johnson,-5.0,178982.0,106978
C1970,James Brown,68.0,41898.0,810199
C1971,Paul White,28.0,68278.0,85184
C1972,Anna Smith,29.0,61942.0,317688
C1973,Nancy Taylor,36.0,113180.0,273309
C1974,Mark Taylor,27.0,131889.0,745511
C1975,Sophia Jackson,38.0,86970.0,835238
C1976,Brian Clark,64.0,177953.0,513237
C1977,Emily White,40.0,35989.0,479247
C1978,Olivia Taylor,52.0,143618.0,406842
C1979,Kevin Anderson,33.0,134180.0,503653
C1980,Kevin Martinez,23.0,176381.0,614709
C1981,Mark Clark,44.0,98553.0,143691
C1982,Anna Moore,35.0,61673.0,498829
C1983,Chris Clark,60.0,134000.0,53209
C1984,John Miller,35.0,165712.0,350181
C1985,Sophia Thomas,23.0,153399.0,756589
C1986,Mark Anderson,28.0,193475.0,310276
C1987,Sophia Anderson,51.0,100875.0,129452
C1988,John Taylor,28.0,146538.0,266057
C1989,Paul Wilson,48.0,187239.0,689153
C1990,Sarah Johnson,25.0,84748.0,796526
C1991,Linda Thompson,50.0,32350.0,87637
C1992,Paul Thompson,38.0,157814.0,973423
C1993,Nancy Clark,64.0,41997.0,403881
C1994,Linda Lewis,54.0,110467.0,501980
C1995,James Martinez,62.0,184022.0,686059
C1996,Laura Smith,64.0,67854.0,691084
C1997,James Lewis,20.0,187900.0,648637
C1998,Linda Davis,18.0,179276.0,642688
C1999,George Lewis,49.0,58514.0,950329
C2000,George Miller,33.0,154545.0,571301
